1,1293,2,2.6
2,168,3,3.1
2,223,1,3.6
2,266,5,3.2
2,372,3,3.5
2,515,4,3.6
3,1580,3.5,3.5
3,2513,3,3.5
3,2762,3.5,3.7
3,2858,4,3.8
3,5349,3,3.6
4,357,5,4.4
4,440,4,4.2
4,1016,4,4.2
4,1073,5,4.5
4,1127,5,4.3
4,1200,5,4.6
4,1206,5,4.6
4,1258,5,4.7
4,2002,3,3.9
4,2014,4,4.1
4,2193,3,4.2
4,2409,4,4
4,2723,5,4.1
4,2872,5,4.4
4,2903,1,4.5
4,2986,3,3.6
4,2987,5,4.5
4,3039,4,4.5
4,3071,4,4.4
4,3101,4,4.5
5,1997,3.5,3.9
5,4718,3.5,4
7,610,3,3.2
7,736,1,3.1
7,924,4,3.7
8,589,4,4
8,1210,4,4.1
8,2804,3.5,4
8,2959,4,4.1
8,4262,4,4
9,26,3,3.8
9,2762,4,4
10,1197,4,4.2
10,1198,4,4.1
11,77455,4.5,4.2
12,1639,2,3.1
13,47,2.5,3.9
13,277,4,3.7
13,6377,4.5,3.8
13,78499,4,3.8
15,10,3,2.5
15,95,1.5,2.3
15,112,2.5,2.6
15,265,1,2.8
15,318,2,3
15,574,3,2.6
15,589,4,3
15,610,3,2.7
15,674,3,2.6
15,786,0.5,2.4
15,994,4,3
15,1079,4,2.9
15,1093,2,2.8
15,1230,3,3.1
15,1280,3,3
15,1342,2,2.6
15,1610,3,2.9
15,1689,4.5,2.7
15,1816,2.5,2.6
15,1882,1.5,2.3
15,2387,3.5,2.7
15,2395,5,3
15,2729,3,2.7
15,2797,4,2.9
15,3113,2,2.3
15,3185,2,2.6
15,3225,1,2.5
15,3328,4,2.8
15,3527,3,2.6
15,3538,1.5,2.9
15,3555,1,2.5
15,3623,1,2.3
15,3626,3,3.2
15,3751,1,2.6
15,4005,3.5,2.7
15,4007,3.5,3
15,4019,2,2.6
15,4037,3,2.9
15,4321,2,2.8
15,4351,3,2.7
15,4370,1,2.5
15,4383,3,2.8
15,4450,2,3.1
15,4720,2,2.7
15,4963,4,2.8
15,4993,5,3
15,5171,0.5,2.4
15,5219,1,2.4
15,5220,3,2.7
15,5222,2,3.2
15,5617,3.5,2.7
15,6331,3,3
15,6502,3.5,2.9
15,6873,1,2.7
15,6989,2.5,3.2
15,7003,2,3.4
15,7348,2,2.7
15,8464,3,2.9
15,8622,3.5,2.9
15,27773,1,2.9
15,45720,1.5,2.6
15,48394,1.5,3
15,51080,4.5,3
15,58998,1.5,2.9
15,76293,3,2.8
15,89840,1,2.2
15,94959,1,2.9
15,99114,1.5,3
15,112940,1.5,2.8
15,122892,3,2.8
15,135569,3,2.2
15,159858,4,3
16,2278,3.5,4.2
16,4231,4.5,4.1
17,223,2.5,4
17,922,5,4
17,1252,5,4.1
17,2010,5,4
17,2012,4,3.6
17,2490,4,3.7
17,2502,1,4
17,2712,3,4
17,2918,3,4
17,3535,4.5,3.8
17,4437,5,4
17,4886,3.5,4
17,4973,4.5,4.1
17,5060,0.5,3.8
17,5608,4.5,4
17,6197,4.5,3.9
17,6643,4.5,4.2
17,7223,4,3.7
17,8874,3.5,3.9
17,27773,5,4
18,608,4,3.8
18,765,2,3.1
19,9,3,3.3
19,45,3,3.5
19,153,3,3
19,281,3,3.7
19,306,5,3.9
19,371,3,3.4
19,733,3,3.4
19,750,5,4
19,1090,4,3.8
19,1104,4,3.9
19,1201,4,3.8
19,1249,4,3.8
19,1250,4,3.9
19,1266,4,3.8
19,1287,4,3.7
19,1327,3,3.2
19,1350,3,3.6
20,344,1,3.4
20,1198,4.5,3.5
20,1680,5,3.5
21,44,3,3.1
21,356,4,3.8
21,1097,3,3.7
21,1199,4,3.8
21,1214,4,3.8
21,1217,5,3.7
21,1252,3,3.8
21,1275,2,3.4
21,5060,3,3.7
22,541,4.5,3.6
22,586,1,2.8
22,1374,3.5,3.7
22,1645,2.5,3
22,1682,2.5,3.5
22,2023,3.5,3
22,2288,4,3.6
22,2683,2.5,3.2
22,2712,4.5,3.4
22,3438,3,3.2
22,3623,2.5,2.7
22,3977,2.5,2.8
23,588,4,3.6
23,912,5,3.9
23,952,3.5,3.7
23,1035,2.5,3.8
23,1090,4,3.8
23,1219,5,3.9
23,1293,5,3.8
23,1673,4,3.8
23,1900,3.5,4
23,1941,3.5,3.8
23,1952,4,3.9
23,1960,1.5,3.8
23,2702,4,3.4
23,2728,4,3.8
23,2970,4,3.5
23,4225,4,3.5
23,4282,2,3.8
23,4571,3.5,3.6
23,4720,4,3.6
23,5489,3,3.7
23,5992,5,3.7
23,6709,1.5,3.4
23,6807,3,3.8
23,6870,3.5,3.8
23,6890,4,3.7
23,6982,2,3.9
23,7004,2,3.4
23,7063,4.5,3.7
23,7234,4,3.9
23,7265,4,3.8
23,7323,4,3.6
23,7713,3.5,3.5
23,7748,3.5,3.8
23,7766,4,3.9
23,8019,3.5,3.7
23,40583,4,3.6
23,41569,2,3.6
26,344,0.5,3.4
26,720,3,3.7
26,1831,3,3.3
26,3114,4.5,3.7
26,4776,4,3.6
26,4963,1.5,3.7
26,5010,3.5,3.7
26,6867,4,3.7
26,30810,3,3.7
26,49278,3,3.6
26,51255,3.5,3.6
27,1892,4,4
27,2356,2,3.8
28,902,5,4.1
28,2324,5,4.4
29,58559,5,4.5
30,118,3,3.7
30,380,4,3.5
30,457,5,3.9
30,1227,5,3.7
30,1240,4,3.9
30,1277,5,4
30,1366,5,3.8
30,1589,3,3.7
30,1729,5,3.9
30,1876,4,3.6
30,2120,4,3.6
30,2144,3,3.8
30,2263,2,3.8
30,2269,5,3.6
30,2311,3,3.8
30,2346,3,3.6
30,2424,4,3.5
30,2701,2,3.5
30,2856,4,3.9
30,2881,4,3.6
30,2908,4,3.8
30,3167,4,3.9
30,3358,5,3.7
30,3526,4,3.8
30,3638,4,3.6
30,3783,4,4.1
30,4025,3,3.5
30,4486,4,3.9
30,4499,4,3.7
30,4896,4,3.7
30,4898,4,4.2
30,5544,4,4
30,6001,5,3.9
30,6127,4,3.8
30,6180,3,4
30,6565,4.5,4
31,260,4,4.3
31,3087,3.5,4.3
31,3897,4,4.3
31,5952,4.5,4.3
31,54503,4,4.1
32,337,4,3.8
32,349,5,3.8
32,377,4,3.9
32,588,3,3.5
33,1196,2,3.7
33,4452,2,3.5
33,4483,5,2.9
34,1201,4,4.1
34,1610,4,4
34,2528,3,3.9
34,3196,5,4
34,3418,3,4
36,321,5,3.4
36,381,3,3.3
37,3538,4,4.3
38,293,4.5,4.3
38,8154,4,4.3
38,110102,4,4.2
39,110,5,3.8
39,160,3,3.7
39,593,3,3.8
40,48780,5,4.5
40,74458,3.5,4.6
41,196,3,3.8
41,592,4,3.9
41,849,4,3.8
41,917,4,3.9
41,1371,3.5,3.8
41,2454,3,3.9
41,2600,3.5,3.7
41,5903,4.5,3.9
41,7373,4,3.8
42,349,4,4.2
42,1370,3.5,4.1
42,3793,3.5,3.9
42,3996,2.5,4.4
43,1210,3,3.1
43,1380,3,3.4
43,2109,3,2.9
43,2858,5,3.3
43,2978,2,3
44,786,3,3.6
45,1673,4.5,3.8
45,7064,5,3.7
46,2398,5,5
46,2804,5,5
46,80463,5,5
46,81834,5,4.9
48,1148,3.5,3.6
48,5679,3.5,3.5
48,5902,4,3.6
48,6283,3.5,3.5
48,6365,3.5,3.3
48,7099,4,3.6
48,8784,4.5,3.5
48,44828,3,3.5
48,46976,3,3.6
48,48043,3.5,3.5
48,57504,4,3.5
48,59387,4,3.6
48,68157,4,3.7
48,69712,3.5,3.7
48,70533,4,3.7
48,70567,4,3.7
48,71033,4,3.6
48,73881,4,3.5
48,74228,3.5,3.7
48,77561,3.5,3.4
48,98243,2.5,3.4
48,103228,2,3.4
48,112515,2.5,3.6
48,114935,3,3.6
49,161,4,3.6
49,674,3,3.2
49,976,4,3.8
49,1262,5,3.8
49,3066,3,3.5
49,3269,2,3.4
51,1959,4,4.3
51,2683,4,3.9
52,3996,5,4.1
52,6942,4,3.8
52,38886,2,3.7
55,260,5,3.5
55,733,4,3.6
55,788,5,3.6
56,1095,4,3.7
56,1252,4,3.7
56,1380,5,3.6
56,2006,4,3.5
56,2395,5,3.7
56,4406,2,3.7
56,6003,2,3.6
56,7147,4,3.7
56,8360,4,3.5
56,8528,2,3.5
56,8641,4,3.6
56,8807,4,3.6
56,39292,4,3.6
56,41566,4,3.5
56,52245,4,3.4
56,54001,4,3.6
56,55247,2,3.6
56,71264,5,3.7
56,79091,4,3.6
56,80463,4,3.7
56,81562,4,3.6
56,90376,4,3.7
56,91529,2,3.6
56,97866,4,3.6
56,105197,4,3.7
56,113453,1,3.1
57,1101,5,3.7
57,1148,5,4.2
57,1246,5,3.8
57,1286,5,3.8
57,1350,5,3.8
57,1358,5,4
57,1721,3,3.5
57,1754,3,3.7
57,1917,1,3.3
57,2013,4,3.6
57,2109,4,3.9
57,2111,3,3.5
58,1927,5,3.6
58,2846,4,3.5
59,586,0.5,2.8
59,919,1.5,3.8
60,2640,4,3.8
61,953,3.5,3.5
61,1580,3.5,3.3
61,2174,2,3.5
61,2273,3,3.2
61,3668,2.5,3.1
61,5816,3,3.2
61,58559,5,3.7
62,69481,3.5,4.1
62,109487,4.5,4.2
62,134853,5,4
63,315,1,3.3
63,480,4.5,3.9
63,1230,1.5,4.1
63,2004,4.5,3.2
63,2640,4.5,3.8
64,153,5,3.3
65,1078,5,4.2
65,1221,4,4
66,260,5,4.3
66,1275,3,4.1
66,2985,4,4.3
67,95,1,3.6
67,107,3,3.6
67,110,5,3.8
67,592,3,3.8
67,616,4,3.7
67,709,4,3.6
68,778,2.5,3.6
68,1035,4,3.6
68,1265,4.5,3.8
68,1278,4,3.5
68,3072,3.5,3.5
68,6539,4,3.7
68,7153,5,3.7
68,7361,3,3.7
68,26025,3.5,3.6
69,410,3.5,3.8
69,586,4.5,4
69,5349,3.5,4.4
69,58047,3,4.6
70,5,5,4
70,832,5,4.2
71,1171,5,4
71,3422,3,4.5
72,110,3.5,3.3
72,260,3,3.3
72,1200,3,3.4
72,2028,3.5,3.3
72,3897,3,3.4
72,6333,2.5,3.1
72,6502,3.5,3.4
72,49272,3,3.4
72,51662,3,3.1
72,55820,5,3.5
72,117176,3.5,3.2
73,111,3.5,3.8
73,169,0.5,3.3
73,288,3.5,3.4
73,318,5,3.8
73,588,5,3.5
73,594,3.5,3.7
73,608,4,3.8
73,737,2.5,3
73,784,1,3.1
73,1061,4,3.6
73,1093,2,3.5
73,1259,3.5,3.8
73,1356,3.5,3.4
73,1358,4,3.5
73,1405,3.5,3.4
73,1682,4.5,3.7
73,1760,0.5,3
73,1762,3.5,3.2
73,1882,1,3.1
73,1923,3,3.6
73,1994,4,3.6
73,2004,4,3.2
73,2011,4,3.2
73,2090,3.5,3.6
73,2138,4.5,3.6
73,2140,4,3.5
73,2143,3.5,3.4
73,2144,4.5,3.7
73,2278,4,3.4
73,2327,3.5,3.6
73,2599,4.5,3.7
73,2657,2,3.3
73,2694,3,3.4
73,2723,3,3.3
73,3034,4.5,3.7
73,3424,4,3.7
73,3438,3.5,3.3
73,3481,4,3.8
73,3617,2.5,3.3
73,3826,1.5,3.1
73,4519,5,3.3
73,5459,2,3
73,5481,2,3.2
73,5574,2.5,3.1
73,5673,4.5,3.5
73,6212,2,3
73,6502,3,3.7
73,6539,4,3.6
73,6863,2.5,3.6
73,6887,3.5,3.1
73,6888,2,3
73,7308,3.5,3.3
73,7481,4,3.6
73,8641,4.5,3.5
73,27831,4,3.7
73,33166,5,3.7
73,40629,1.5,3.7
73,41997,4,3.7
73,42723,3,3.4
73,47610,4,3.3
73,52281,3.5,3.4
73,53000,3.5,3.5
73,54272,3,3.4
73,55232,2.5,3
73,55269,3.5,3.5
73,55830,3.5,3.2
73,56174,2.5,3.2
73,62434,3.5,3.6
73,63082,5,3.4
73,67255,4,3.6
73,68952,3.5,3.8
73,71520,4,3.3
73,72998,4,3.5
73,74944,3.5,3.5
73,76251,4.5,3.6
73,79553,3.5,3.8
73,79879,2.5,3.6
73,87192,4.5,3.6
73,93363,3,3.2
73,93510,4,3.7
73,96079,4.5,3.8
73,100159,4,4
73,111921,4,3.8
73,122900,3,3.7
73,140267,3,3.7
74,2333,4,4.3
75,1197,3.5,3.7
75,2005,3.5,3.6
75,2012,3.5,3
75,3671,4,3.4
75,7153,5,3.7
75,8985,3,3.1
76,1096,4.5,3.9
77,173,2.5,3.1
77,223,4.5,3.6
77,329,2,3.1
77,349,3.5,3.4
77,457,2.5,3.5
77,500,3,3.2
77,593,3,3.7
77,648,2.5,3.4
77,924,3.5,3.6
77,1080,4,3.6
77,2599,2.5,3.6
77,2700,4,3.6
77,2985,3.5,3.5
77,3421,4.5,3.6
77,3429,3,3.6
77,3578,3,3.6
77,6157,3,2.9
78,1997,4,4.3
78,2174,4,4.2
78,2336,5,4.3
78,2858,4.5,4.4
78,4370,4.5,4.3
78,6016,5,4.3
78,7458,5,4.3
78,54001,4,4.2
79,344,2,2.5
79,1210,3,3
79,2013,2.5,2.8
79,2641,2.5,2.7
79,2683,0.5,2.6
79,3702,2.5,2.7
79,5349,3,2.9
80,32,5,4.7
80,50,3,4.4
80,73,5,3.4
80,100,2,3.4
80,780,4,2.6
81,6993,5,4
81,7327,4,3.9
81,69516,4,4
81,78836,4,3.9
82,316,2,2.8
82,318,5,4.3
83,50,5,4.3
83,69,3.5,4.2
83,370,4,4.1
83,1259,4.5,4.2
83,1500,5,4.2
83,2000,1.5,4.1
83,2863,4,4.3
83,3481,4,4.2
83,4174,4,4.2
83,4321,4.5,4.2
84,4310,3.5,3.6
84,6287,3.5,3.6
84,7153,5,3.8
85,2,5,3.3
85,339,1,3
85,366,1,3.3
85,380,5,3.4
85,432,4,2.9
85,594,2,2.8
86,126,1,3.3
86,249,4,3.8
86,288,3,3.6
86,296,5,4
86,318,5,4
86,534,4,4
86,538,5,3.8
86,551,4,3.8
86,555,4,3.8
87,1073,3,3.9
88,104,0.5,3.1
88,588,3,3.5
88,648,3.5,3.4
88,733,3,3.4
88,1073,3,3.7
88,1080,3.5,3.7
88,1136,3.5,3.7
88,1197,4,3.7
88,1784,3.5,3.6
88,2355,3.5,3.5
88,3435,3.5,3.7
88,3753,3.5,3.3
88,5618,4,3.7
88,66097,4,3.6
89,588,4.5,4.8
89,1240,4.5,4.7
89,3578,5,4.6
89,7153,5,4.7
90,141,3,3.6
90,1356,4,3.7
90,1500,5,4
91,588,4.5,4.3
91,1210,5,4.6
91,4015,3,3.6
91,58559,5,4.6
91,73017,4.5,4.3
91,103341,3.5,4.3
92,95,3,2.6
92,161,5,3.5
92,163,5,2.9
92,247,5,3
92,300,4,3.4
92,353,3,3.1
92,366,2,3.2
92,588,3,3.5
93,1079,4,3.9
93,5952,5,4
93,8949,4,3.8
93,44195,4,3.8
93,79132,4,3.9
94,16,3.5,3.6
94,150,5,3.8
94,367,1.5,2.9
94,593,5,3.7
94,3471,3,3.6
94,4011,3,3.7
94,5502,1.5,3.2
94,63062,4,3.3
95,19,4,3.6
95,339,4,3.8
95,1198,5,4.1
95,1387,5,4
95,2167,4,3.9
95,2327,4,3.9
95,3300,5,4
95,3917,5,4
95,3967,4,3.9
95,4008,4,3.9
95,4018,3,3.6
95,4105,5,4.2
95,4124,3,3.9
95,4993,5,4.1
95,5025,5,3.9
96,48394,3.5,4.3
97,1084,2.5,3.2
97,1208,3.5,3.2
97,1267,4,3.1
97,8784,1.5,3
97,61024,4,3.2
98,356,4.5,4.6
98,1261,4,4.4
98,45720,4,4.4
99,208,2,2.6
99,593,4,3.7
99,596,4,3.7
99,1084,4,3.6
99,1358,3,3.6
99,1748,4,3.4
99,2801,3,3.2
99,4027,3,3.7
100,1073,5,3.7
101,145,3.5,3.5
101,196,3.5,2.8
101,1291,4.5,4.2
101,2699,3,3.4
101,2716,3.5,4.2
101,33794,5,4.2
102,202,4,3.6
102,346,3,3.8
102,581,4,4.1
102,799,3,3.9
102,899,5,4.2
102,1227,5,3.9
102,1251,5,4.1
102,1262,4,4.1
102,1263,5,4.1
102,1276,5,4.2
102,1289,4,4.1
102,1320,3,3.8
102,1944,5,4
102,1957,4,4
102,1960,5,4.2
102,2010,4,4.2
102,2097,4,4
102,2712,4,4
102,2917,4,4.2
102,3081,4,4
102,3428,4,3.8
102,3484,1,3.8
102,3564,2,3.6
102,3591,3,4
102,3609,4,4.1
102,3639,4,3.9
102,3668,4,4.1
103,736,2.5,2.4
103,1241,3.5,3.2
103,1527,4,3.7
103,1645,3.5,2.7
103,8157,4,3.4
104,53972,4,4.1
104,74458,4.5,4.1
105,32,4,3.5
105,47,4,3.6
105,153,3,2.9
105,778,4,3.6
105,780,2.5,3.1
105,1020,3,3
105,1094,4,3.5
105,1127,2.5,3.4
105,1179,3.5,3.6
105,1210,3,3.6
105,1227,3.5,3.4
105,1240,4,3.6
105,1249,4,3.5
105,1258,4.5,3.6
105,1617,5,3.6
105,1784,4,3.5
105,1913,4,3.4
105,2294,3.5,3.2
105,2353,2.5,3.1
105,2502,4,3.5
105,2551,4,3.3
105,2762,3.5,3.5
105,2968,4,3.4
105,3578,4.5,3.5
105,4679,4,3.3
105,5349,2.5,3.4
105,6188,3.5,3.5
105,6291,3,3.4
105,7005,2,3.2
105,7143,4,3.3
106,2279,3.5,3.8
107,3409,0.5,2.9
107,7361,4,3.9
109,3052,4,4.1
110,10,4,4.4
110,225,4,4.1
110,231,5,4.1
110,318,3,4.3
110,368,4,4.3
110,434,5,4.1
111,318,4,3.9
111,356,3.5,3.8
111,608,5,3.8
111,1544,1.5,3.2
111,2791,4,3.8
111,2953,3,3.2
111,3526,3.5,3.7
111,4545,3.5,3.4
111,4776,2,3.5
111,5013,4,3.5
111,5816,3,3.5
112,780,4,3.9
114,292,4,4
114,333,5,3.5
114,595,5,4.5
115,3,5,3.5
115,480,5,4.2
115,1278,4,4.2
116,434,2.5,3.7
116,593,3,4.1
117,1961,3,4.1
117,4564,4.5,4.1
118,457,5,4.2
118,541,4,4.3
118,1375,4,3.7
118,1527,2,3.8
118,2529,5,4
118,2628,3,3.6
118,2640,4,3.7
118,2722,3,3.7
118,2968,4,4.1
118,3152,5,4.2
118,3742,5,4
119,62,4,3.1
119,589,4,3.8
119,778,4,3.9
119,924,4,3.8
119,1221,4,3.9
119,1379,4,3.5
119,1499,2,2.8
119,1591,2,3.1
119,1611,5,3.5
119,1784,5,3.6
119,1799,3,3.5
119,1960,4,3.8
119,2021,3,3
119,2094,2,3.1
119,2104,4,3.1
119,2143,3,3.5
119,2193,4,3.4
119,2263,3,3.5
119,2313,5,3.8
119,2359,4,3.7
119,2411,2,3
119,2412,2,3
119,2574,1,3
119,2701,1,2.8
119,2901,4,3.6
119,3108,5,3.7
119,3159,3,3.7
119,3175,3,3.5
119,3181,4,3.4
119,3354,2,3
119,3414,5,3.5
120,356,4.5,3.6
120,364,3,3.5
120,454,3.5,3.6
120,597,3,3.3
120,1517,3,3.6
120,2997,2,3.4
120,3098,3.5,3.6
120,4226,4.5,3.5
120,7616,4.5,3.6
121,110,5,4.3
121,150,4,4.1
121,293,5,4.4
121,345,5,4
121,357,4,4.2
121,527,5,4.4
121,597,3,3.8
121,736,4,3.6
122,349,3,2.9
124,266,3,3.9
124,541,2.5,3.9
124,2716,4,3.8
124,5218,3.5,3.9
125,208,0.5,3.5
125,440,4,4
125,1204,5,4.4
125,1884,5,4.2
125,1892,4,3.8
125,2012,3.5,3.6
125,2683,4,3.9
125,3175,5,4.1
125,3755,3.5,3.7
125,4361,4,4.4
125,6863,3,4.2
125,40819,4,4.2
125,68157,5,4.4
126,34,3,3.8
126,231,4,3.3
126,292,4,3.2
126,329,3,3.4
126,500,4,3.4
127,237,5,3.6
127,500,5,3.8
128,7,5,3.7
128,340,5,3.8
128,597,5,3.8
128,1210,5,4
128,1499,2,3.8
128,1616,5,3.9
128,1947,4,3.9
128,2087,4,4
128,2316,4,3.7
128,2671,5,3.7
128,3408,5,3.8
128,3717,5,3.7
128,4016,2,3.9
128,5620,4,3.8
128,6155,5,3.9
129,3578,4,3.8
130,50,3.5,3.7
130,288,1,3.2
130,368,3,3.2
130,410,2.5,3.1
130,457,4,3.5
130,543,2,3.3
130,1224,5,3.6
130,1466,3.5,3.6
130,2006,3.5,3.5
130,2858,2,3.6
130,2890,4,3.5
130,2947,3.5,3.5
130,3060,4,3.4
130,3253,3,3.3
130,3702,4,3.4
130,4643,2,3
130,5014,3.5,3.2
130,5378,4,2.9
130,8970,4,3.5
131,593,5,4.2
131,3967,5,4.3
132,3396,4,4.3
133,47,2.5,2.9
133,247,1,2.9
133,919,2,3
133,1222,0.5,2.9
133,2918,2,3
133,3949,0.5,2.9
133,5992,2,2.8
133,40629,3,2.9
133,45722,2,3
133,64957,2,2.9
133,73290,5,2.9
133,88125,4,3
133,106920,4,2.8
133,110730,0.5,2.7
134,19,2,3.6
134,541,5,4.2
134,1240,5,4.2
134,1356,4,4
134,1997,4.5,4.1
134,2291,4.5,4.2
134,2959,4,4.2
134,3095,3,4.1
134,5574,4.5,4
134,6755,4.5,4.1
134,8464,4,4.1
134,8961,3,4.1
134,59615,4,3.7
135,818,2,2.7
136,2422,3,3.6
136,2628,4,3.8
137,32,5,3.6
137,910,5,3.6
137,3032,4,3.9
138,5388,3.5,3.1
138,104841,3.5,3.7
138,106100,3,3.6
139,785,2.5,3.5
139,1258,4.5,3.7
139,5308,4.5,3.3
140,60,2,3.7
140,216,1,3.8
140,2470,4,3.6
140,74458,3.5,3.7
141,1210,3,4
142,1219,4,3
142,4720,3,2.9
142,4803,3,2.9
143,3019,3,4.1
144,282,2,3
144,329,3,3.3
144,432,2,3
144,589,5,4
145,364,5,4
145,380,5,4.6
145,592,5,4.7
145,593,5,4
145,780,5,4.7
146,260,5,4
146,1097,3.5,3.8
146,2302,3.5,3.5
147,1199,3.5,4.3
147,2565,4,3.9
148,913,4,4.3
148,4306,5,4.1
148,4734,2,3.8
149,2959,4,3.5
149,2997,3.5,3.6
149,27773,2,3.6
149,44199,4,3.5
149,46976,3.5,3.5
149,64614,3,3.5
149,109374,4,3.5
149,112515,4,3.5
150,45,1.5,3
150,50,4.5,3.3
150,110,4.5,3.4
150,145,2.5,3
150,216,4.5,3
150,349,4,3.3
150,736,4,3
150,1036,4,3.4
150,1097,3,3.3
150,1259,4,3.4
150,1302,4,3.1
150,1485,3.5,3
150,1573,4,3
150,1668,2.5,3
150,2012,4.5,3
150,2571,5,3.4
150,2580,3,3.2
150,2716,2,3.3
150,2858,3.5,3.4
150,3623,3,3
150,3798,2.5,3
150,4027,0.5,3.4
150,4344,4,2.9
150,5816,1.5,3.1
150,5952,4.5,3.3
150,6537,3.5,3
150,8874,3.5,3.2
150,74458,4,3.2
151,315,2,3.4
151,377,5,3.9
152,21,3.5,3.6
152,95,3.5,3
152,318,4,3.7
152,367,4,2.9
152,1097,2.5,3.6
152,1500,3.5,3.6
152,2028,5,3.6
152,2683,2,3.3
152,2706,3.5,3.2
152,2944,3,3.5
152,4002,1,3.4
152,4011,3,3.6
152,4848,3.5,3.6
152,4896,4,3.4
152,4993,4,3.6
152,7254,3.5,3.4
152,44195,3,3.5
153,306,5,4.7
153,3825,3,3.8
154,107,4,3.8
155,2028,5,4
155,2739,3,3.6
156,802,4.5,4.6
156,1722,0.5,4.6
156,69122,4.5,4.8
156,70286,4,4.5
157,12,2,2.8
157,160,3,2.9
157,1527,3.5,3.5
157,1961,3.5,3.7
157,4367,2,2.7
157,5690,3.5,3.8
157,6377,3.5,3.6
157,42632,4,3.6
157,51662,3.5,3.5
157,61160,2.5,2.5
157,65514,4.5,3.8
157,68358,4,3.6
157,70286,4.5,3.7
159,296,4.5,3.9
159,318,5,3.9
159,344,2,2.9
159,745,3.5,3.9
159,908,4,3.9
159,933,4.5,3.8
159,1207,4,3.9
159,5060,4,3.6
159,6807,3.5,3.8
159,6874,4,3.8
159,8873,3.5,3.8
159,27838,4.5,3.4
160,350,4,3.7
160,1393,5,4
160,2245,4,4
160,3178,4,4
161,252,4,3.4
161,277,3,3.6
161,339,3,3.6
161,357,5,3.3
161,457,5,3.8
161,509,4,3.5
163,1221,5,3.8
163,56174,1.5,3.2
163,97938,4,3.8
164,104,4,3.4
164,1073,4,4
164,1207,4,3.9
164,1923,3.5,3.7
164,4447,3,3.3
164,33166,4,3.9
165,1,2.5,3.1
165,22,3.5,2.8
165,62,3.5,2.9
165,112,2,2.9
165,588,4,3
165,592,4,3.2
165,1258,1,3.2
165,1682,3,3.1
165,2716,3.5,3.2
165,3148,3.5,3
165,3973,0.5,3.1
165,3996,5,3.2
165,4446,3.5,3.1
165,5679,3.5,3
165,5955,5,3.2
165,6063,4.5,3.6
165,6909,3,3.5
165,7387,1.5,3.3
165,8367,2,3.4
165,8861,0.5,2.7
165,31696,2.5,2.9
166,608,3,3.8
166,1246,4.5,3.8
166,4886,4.5,4
167,2081,4,3.9
168,153,3,2.5
168,227,2,2.6
168,505,2,2.9
168,509,3,3.3
168,597,3,2.8
169,262,3.5,4.1
169,1197,4,4.2
169,47099,5,4.4
171,1747,3,4.2
171,2301,4,4
171,2599,5,4.5
171,2734,4,3.4
171,2770,4,3.8
172,107,5,3.5
172,586,4,3.3
173,100,4,4
174,370,3.5,3.6
175,3996,3,3.9
175,5103,4,3.9
175,5952,5,4.1
176,1198,3,3.3
176,1527,4,3.2
176,1682,3,3.3
176,1721,2,2.9
176,2628,4,2.8
176,5072,0.5,3.1
176,5971,4,3.4
176,8970,3.5,3.2
176,33493,3.5,3
176,46976,4,3.2
176,74458,4,3.2
176,91500,2,3
177,292,4,3.7
177,349,4,4
177,405,2,3.7
177,480,5,4.2
177,504,3,3.9
177,861,4,3.8
177,1080,5,4.1
177,1235,5,4
177,1240,5,4.3
177,1370,5,3.7
177,1373,3,3.6
177,1459,1,3.9
177,1590,1,3.8
177,1603,2,3.8
177,1717,5,3.9
177,1909,5,3.9
177,2054,3,3.7
178,551,3.5,3.4
178,2000,3.5,3.5
178,4878,2.5,3.6
178,55442,3,3.5
178,61323,4,3.4
178,112552,4.5,3.5
179,6539,5,3.8
179,81591,5,4.3
180,2502,2,3.6
180,2581,4,3.1
180,2699,2,3.4
182,3,4,3.8
182,292,4,3.7
182,508,3,3.9
182,546,3,3.7
182,852,4,3.7
183,1193,4,4.2
183,3994,3,3.3
184,1,5,4.3
184,161,3,4
184,334,2,3.8
185,110,4,3.7
185,1278,5,3.7
185,1688,3,3.7
185,2085,2,3.6
185,2324,5,3.5
185,2565,3,3.9
185,2858,5,3.7
185,3751,5,3.5
185,4321,3,3.6
186,5618,4.5,3.5
186,72998,5,3.9
187,367,3.5,3.5
187,593,4,3.8
187,1885,2.5,3.8
187,2080,2.5,3.7
187,2084,3.5,3.6
187,3608,0.5,3.6
187,6436,4.5,4
187,7444,4,3.7
187,7451,5,3.7
187,44191,5,3.8
188,24,4,3.2
188,60,4,3.3
188,262,3,3.7
188,480,4,3.9
188,653,3,3.3
188,1017,3,3.6
189,541,5,3
189,1354,2,2.9
189,2722,3,2.1
189,3316,3,2.4
190,43,4,4.4
190,785,5,4.2
190,2629,3,4
190,2724,3,3.7
191,480,3,3.3
191,593,4,3.9
192,318,5,3.9
192,457,4,3.6
192,595,5,3.9
193,277,4,4.4
193,337,5,4.1
193,2997,5,4.2
194,196,3,3.3
194,500,3,3.5
195,457,4,3.2
195,905,5,3.3
195,953,4,3.3
195,1129,1,3
195,1201,3,3.3
195,1234,4,3.2
195,1259,2,3.3
195,1293,4,3.3
195,1380,3,2.9
195,1552,2,2.6
195,2001,1,2.5
195,2291,2,3.3
195,2312,3,2.8
195,2313,3,3.2
195,2406,1,2.9
195,2568,1,2.8
195,2918,1,3.3
195,2941,3,2.8
195,3107,3,2.8
195,3705,1,2.6
195,3871,5,3.2
195,3977,1,2.5
195,3987,3,2.8
196,261,4,3.9
196,454,4,3.7
196,2076,4,3.8
196,3685,4,3.7
196,3699,5,3.5
197,356,3,4.1
197,1240,5,3.8
197,2105,5,3.8
198,2858,5,4
198,3160,5,3.9
198,3543,4.5,3.9
198,4306,4,3.8
199,589,5,3.8
199,1127,4,3.8
199,1270,4.5,3.8
199,1590,4.5,3.7
199,1704,4.5,3.8
199,2329,3,3.8
199,2542,4,3.8
199,2664,4.5,3.8
199,3986,2.5,3.6
199,4995,4,3.7
199,6807,4.5,3.8
199,6874,3.5,3.8
199,8665,4,3.8
199,31410,4,3.8
199,44761,2.5,3.7
199,48774,3.5,3.7
199,68237,3.5,3.9
199,69844,3.5,3.8
199,74532,3.5,3.4
199,76210,3,3.9
199,81229,3.5,3.8
199,84187,4,3.8
199,84615,3,3.7
199,88163,3.5,3.8
199,97921,4,3.8
200,293,4.5,3.4
200,296,4,3.4
200,364,3,3.2
200,588,1.5,3.3
200,1645,4.5,3.1
200,1682,5,3.3
200,2011,4.5,3.2
200,2321,4,3.3
200,2959,4,3.4
200,4306,4.5,3.4
200,4995,4.5,3.3
200,6539,4.5,3.4
200,8665,4.5,3.4
200,48780,4.5,3.4
201,50,5,4.3
201,349,4,4.2
201,1653,4,4.2
201,2690,3,4.2
201,2699,3,4
201,2716,4,4.3
201,3498,4,4.3
201,7153,5,4.2
201,8961,5,4.4
202,1196,4,3.8
202,1333,4,3.9
202,1953,4,4
202,3004,3,3.5
202,4327,4,4.3
202,5055,5,4.1
203,1245,4,4
203,1252,4,4.3
204,16,4,3.9
205,50,5,3.5
205,1223,1,3.4
205,1527,4,3.8
205,33679,4,3.4
205,37386,3.5,3.3
205,48516,3,3.7
205,54997,5,3.5
205,60126,3,3.4
205,68157,3.5,3.7
205,88125,4,3.6
205,111362,3,3.6
205,112852,4,3.7
206,1892,3,3.2
206,1994,3,3.5
207,3256,3,3.9
207,69122,4,3.9
208,296,4.5,4.2
208,2959,4,4.1
208,94959,3,4.2
208,97921,5,4.1
209,543,3,2.8
210,34,2.5,2.8
211,17,4,4.7
211,94,3,4.3
211,1041,5,4.4
211,1617,4,4.6
212,95,3.5,2.9
212,151,3,3.1
212,260,4,3.4
212,551,4,3.2
212,673,2.5,2.9
212,750,3.5,3.4
212,1203,3.5,3.4
212,1206,3.5,3.3
212,1370,2.5,3
212,1407,2,3.2
212,1784,2.5,3.2
212,1918,2.5,3
212,1955,2.5,3.2
212,2028,4,3.3
212,2641,2.5,3
212,2890,3,3.2
212,2915,3,3
212,5421,3.5,3.2
212,5989,3.5,3.3
212,6539,5,3.2
212,7004,1.5,3
212,7156,4,3.4
212,7160,3.5,3.3
212,8533,2,3.1
212,8957,3,3.1
212,51255,4,3.2
212,63992,2,3
213,13,2.5,2.7
213,168,3.5,2.6
213,368,3,2.7
213,1377,3,2.6
213,1391,1,2.6
213,1513,1,2.7
213,1610,3.5,2.8
213,2115,3.5,2.8
213,2710,1.5,2.7
213,2763,3.5,2.7
213,3034,2.5,2.7
213,3147,2.5,2.8
213,3471,3.5,2.8
213,3624,3,2.6
213,3882,2,2.6
213,5900,1.5,2.6
213,6889,1.5,2.7
213,33493,2.5,2.7
213,33836,1.5,2.6
213,43560,3,2.7
213,45447,4,2.7
213,49274,1.5,2.7
213,52604,3,2.7
213,54276,3,3.1
213,56171,3,2.6
213,59594,1.5,2.7
213,62394,2.5,2.7
213,69844,3.5,2.8
213,78893,2,2.8
213,81564,3.5,2.8
213,81847,4,2.7
213,86880,4,2.7
213,91529,3.5,2.7
213,96610,1,2.7
213,101025,2.5,2.8
213,112556,1,2.7
214,260,5,4.3
214,288,3,3.6
214,800,4,4.2
214,912,3,4.3
214,1029,3,4.1
214,1185,5,4.2
214,1249,4,4.2
214,1259,5,4.3
214,1304,5,4.3
214,1380,5,4.1
214,1674,4,4.2
214,2391,3,4.3
214,2735,3,3.5
214,3256,4,4.1
215,1,3,3.8
215,912,5,4
216,1207,4,4.4
216,4034,5,4.5
216,7147,5,4.4
217,1036,5,4.4
217,5500,4.5,4.4
217,6188,5,4.4
219,1265,5,3.9
219,1839,3,3.9
219,2018,2,3.8
219,2993,4,3.8
219,3450,4,3.8
219,3536,4,3.9
219,3773,3,4
219,3996,4,3.9
219,8376,0.5,3.9
220,377,3,3.2
220,593,4,3.9
220,750,4,3.9
220,1092,2,3.4
220,1307,5,3.7
220,2686,4,3.6
220,2704,2,3.8
220,3045,3,3.4
220,3539,4,3.8
220,3751,5,3.4
221,2797,3,2.7
222,1936,5,4
222,3408,3,4
222,3594,4,3.7
222,3684,5,4.1
224,35,4,4.1
224,154,4,4.2
224,272,4,4.4
224,329,4,4.1
224,335,4,4.2
224,427,3,4
224,627,4,4
225,329,4,4
226,2294,2,3.3
226,5064,4,3.2
226,5066,4,3.4
227,2335,5,4.1
227,2389,5,3.8
228,1270,5,4.4
228,2791,5,4.4
228,51255,5,4.2
228,111362,4,4.5
229,1207,4.5,4.3
230,593,4,4.5
230,1961,5,4.5
230,2959,4.5,4.5
230,55269,5,4.4
230,61323,5,4.4
232,151,2,3.9
232,261,5,4.1
232,282,4,3.9
232,505,3,3.8
232,520,4,3.9
232,597,2,3.9
232,736,4,3.9
232,903,3,4
232,943,5,4.1
232,949,2,3.9
232,973,4,4.1
232,1014,4,3.8
232,1080,3,4
232,1178,4,4.1
232,1179,4,4.1
232,1270,5,4.1
232,1380,3,4
232,1569,4,3.9
232,1925,5,4.2
232,1935,5,4.2
232,1939,5,4.1
232,1955,3,4
232,1958,4,4.1
232,1965,5,3.9
232,2117,4,4
232,2287,3,4
232,2324,5,4.2
232,2393,4,3.8
232,2532,4,4
232,2622,5,4
232,2735,1,3.9
232,2948,4,4
232,3028,1,4
232,3040,3,4
232,3095,4,4.1
232,3253,4,3.9
232,3265,5,4.1
232,3358,3,4
232,3368,4,4.1
232,3392,3,4
232,3418,2,4.1
233,58,3,3.3
234,1210,4.5,4
234,4963,4,4
234,5378,4.5,3.6
234,38038,2,3.8
234,48385,3.5,3.9
234,60040,1.5,3.6
235,237,5,4.1
235,342,3,4.3
235,590,4.5,4.2
235,593,3.5,4.4
235,1270,4.5,4.3
235,3186,4.5,4.2
235,4979,4,4.3
236,954,4,4.2
236,1036,3.5,4.1
236,1097,3.5,4.2
236,1217,5,4.2
236,1333,4.5,4.3
236,1693,3,4.2
236,2131,4,4.1
236,2194,2.5,3.9
236,2575,2.5,4
236,3097,4.5,4
236,4848,4.5,4.3
236,5952,3,4.1
236,5995,4.5,4.2
236,6273,5,4.2
238,4447,2.5,3.5
238,40629,4,3.7
238,46578,3.5,3.7
238,50872,4,3.6
238,55269,3,3.9
238,74946,2,3.7
239,276,3,3.6
239,551,4,3.7
239,1918,4,3.5
239,2082,3,3.6
239,2245,3,3.6
239,2502,3,3.9
239,2558,3,3.4
239,2915,4,3.6
239,3253,4,3.6
239,3740,4,3.7
239,4102,4,4
240,951,4.5,4
240,954,3,4
240,1036,4,4
240,2100,4,3.8
240,3967,5,3.9
240,5421,3.5,4
240,6218,4.5,4
240,6777,4,4
240,7139,4,4.1
241,36,4,3.4
241,296,4,3.8
241,377,3,2.9
242,6,4,4.6
242,110,5,4.5
242,205,4,4.6
242,296,5,4.7
242,300,4,4.6
242,342,4,4.5
242,348,5,4.6
242,480,5,4.6
242,748,3,4.3
242,900,5,4.5
242,926,5,4.6
242,933,5,4.6
242,1197,5,4.6
242,1204,5,4.7
242,1358,5,4.6
242,1500,4,4.5
242,1719,3,4.7
242,1729,5,4.5
242,1732,4,4.6
242,1958,5,4.6
242,2344,4,4.5
242,2405,5,4.2
242,2561,4,4.3
242,2750,4,4.5
242,2916,3,4.4
242,3005,5,4.3
242,3098,5,4.3
242,3104,5,4.7
242,3111,5,4.6
242,3169,4,4.3
242,3543,5,4.6
243,173,2.5,3
243,364,3.5,3.6
243,1196,5,3.8
243,1407,3,3.5
243,1923,3,3.3
243,2107,3,3.4
243,2405,3.5,3.2
243,2421,2,3
243,3033,3,3.6
243,3052,3,3.5
243,3993,3,3.2
243,4308,5,3.4
243,5254,2.5,3.3
243,5679,3,3.6
243,6768,3.5,3.7
243,8253,4,4
243,33493,5,3.6
244,1214,4,4.1
244,3114,3.5,4.2
244,7153,4.5,4.2
244,7373,3,4
244,8371,3,3.5
245,2396,5,4
245,2762,5,4.1
245,3386,5,3.8
245,3798,2,3.7
245,3980,5,3.9
245,4901,5,4
246,329,3,3.6
246,590,4,3.9
247,377,4,3.4
247,442,3,3.3
247,733,4,3.6
247,748,3,3.5
247,1388,3,3.3
247,2005,4,3.7
247,2011,4,3.4
247,2763,4,3.5
247,3396,3,3.8
248,527,5,4.5
248,1233,5,4.5
248,2011,4,4.1
248,2467,5,4.2
248,2640,3,4
248,3176,4,4.2
249,356,5,3.8
249,480,3,3.8
249,539,3,3.4
250,593,5,4.3
250,6333,4,4.2
250,51086,4.5,4.3
250,68358,4,4.3
250,79132,5,4.3
251,3081,5,4.3
251,4306,5,4.4
251,8368,4,4.5
251,33004,4,4.4
251,112175,4.5,4.4
252,260,4,3.7
253,1,4.5,3.9
253,296,4,3.9
253,333,4,3.4
253,524,4.5,3.4
253,923,4.5,3.8
253,1288,4,3.8
253,1704,4.5,3.9
253,2081,4,3.8
253,2115,2.5,3.8
253,2329,5,3.9
253,2918,4.5,3.8
253,4027,5,3.8
254,112,3,3.2
254,149,4,3.7
254,232,5,3.8
254,240,2,3.5
254,589,3,3.8
254,590,3,3.5
255,356,3.5,3.8
255,1304,5,4.1
255,1732,5,4.2
255,2351,3.5,3.8
255,4973,5,4.1
255,4995,3.5,3.7
255,5269,4,3.8
255,8860,3,3.3
256,5,3,3
256,494,3,2.9
257,1263,4,4
257,2019,5,3.9
257,3091,2.5,3.9
257,5146,0.5,3.7
257,5300,5,3.9
257,6669,5,4.1
257,49272,4,3.8
257,79132,2.5,3.9
260,329,5,3.4
260,4084,3,3.8
262,70,2,2.6
262,288,4,2.6
262,296,4,3
262,318,3,3
262,319,2.5,2.9
262,344,2.5,2.4
262,736,2,2.4
262,1173,4,2.6
262,1246,3,2.8
262,1441,3,2.7
262,1483,4,2.8
262,1993,2,2.5
262,3272,2,2.8
262,3481,3,2.9
262,3504,3.5,2.9
262,3798,2,2.5
262,4069,0.5,2.2
262,6870,2,2.9
262,48082,2,2.6
262,68237,2.5,3
262,71518,3,2.7
262,81847,2.5,2.6
262,97188,3,2.7
262,110591,2,2.8
262,134853,2.5,2.7
263,168,3,3.2
263,1527,3,3.2
263,2987,2.5,3.3
263,4963,3.5,3.3
263,5464,3.5,3.4
264,356,4,4.5
264,440,5,3.9
264,1197,4,4.2
264,2406,5,4.4
265,457,3,3.9
265,942,4,4
265,1198,4,4.1
265,1235,4,3.8
265,1265,4,4
265,1270,3,4
265,1633,3,4
265,1957,4,4
265,2759,3,3.9
265,3095,4,4.1
265,3418,5,4
266,36,5,3.9
266,434,2,3.3
266,480,4,3.9
266,590,5,3.9
267,4878,4,4.3
268,367,2,3.1
268,370,3,3.4
268,434,3,3.2
268,474,2.5,3.9
268,555,1.5,3.9
268,595,4.5,3.9
268,912,5,3.9
268,954,5,4
268,1093,4,3.6
268,2000,4.5,3.8
268,2396,4,3.7
268,2692,3.5,3.8
268,3507,4,3.9
268,3623,3,3.1
268,4767,3,3.9
268,46578,3.5,3.8
270,3535,4,3.8
270,4887,3,3.4
270,6874,5,3.8
270,52328,3.5,3.6
270,56757,4.5,3.5
270,68157,4.5,4
270,68659,3.5,3.9
270,81229,3,3.9
270,94959,4,3.9
270,95167,3.5,3.7
270,106487,3.5,3.4
270,140174,4.5,3.9
270,149354,3.5,3.9
271,5060,2.5,4.2
271,8961,4.5,4.2
272,98243,4,3.8
272,122900,5,3.9
273,260,5,4.3
275,2858,5,4.5
275,6711,5,4.4
275,8784,5,4.4
275,67255,0.5,4.5
275,81834,4.5,4.5
275,81847,5,4.4
275,86000,4.5,4.6
276,2294,3.5,2.7
276,2804,3,3.5
277,1036,5,4.1
277,120799,4,3.5
277,134393,3,4.2
277,136864,2.5,3.8
278,80,5,3.3
278,1900,4,3.4
278,1961,4,3.7
279,165,3,3.1
279,231,3,2.6
279,318,5,3.8
279,440,3,3.3
279,553,3,3.8
279,592,2,3
280,2059,4,4.4
281,296,4.5,4.2
281,899,4.5,4.1
281,903,5,4.2
281,1293,4.5,4.2
281,2028,4,4.1
281,3801,4,4.1
281,5291,3,4.1
281,7091,3,4.2
281,7156,4,4.1
282,10,3,3.6
282,508,4,4
282,1196,3,4
282,1197,4,4
282,2628,3.5,3.5
282,2959,0.5,4
282,3114,4,4
282,3421,4,3.8
282,4447,3.5,4
283,32,4,3.9
283,364,3.5,3.7
283,1136,3.5,4
283,1267,3,3.9
283,1270,3.5,3.9
283,3751,4.5,3.7
283,31878,4.5,3.7
283,44195,4,3.9
284,25,3,3.5
284,36,4,3.1
284,640,4,3
284,733,5,3.7
285,44,2,2.7
285,235,5,3.4
285,252,3,2.9
285,364,3,3.4
285,592,4,3.1
285,661,5,3.2
285,1214,2,3.6
285,1285,3,3.4
285,1732,5,3.5
285,1974,2,3.3
285,1991,1,3.3
285,2072,4,2.7
285,2140,3,3.2
285,2375,3,2.9
285,2459,4,3.3
285,2872,2,3.3
285,2947,3,3.4
285,3258,2,3
285,3401,1,2.6
285,3439,2,2.8
285,3489,2,2.7
285,3695,2,3
286,1019,3,2.6
287,1356,5,4.5
287,3494,4.5,4.6
287,4886,5,4.7
287,32031,4,4.6
287,111759,5,4.7
287,130490,4.5,4.6
287,149406,5,4.7
288,25,4,4.1
288,158,5,3.7
288,434,1,3.8
289,1033,4.5,4.2
289,1366,3,4.4
290,5782,4.5,4.5
291,520,3,3.8
291,552,3,4.2
291,1198,5,4.3
291,7757,4,4.2
292,5,4,3.8
292,32,4.5,4.2
292,141,4,3.9
292,173,3,3.7
292,292,4.5,3.8
292,296,5,4.2
292,527,5,4.2
292,575,4,4
292,786,3,3.8
292,1061,4,4.1
292,1672,4,4
292,3255,4,4
292,3271,4,3.9
292,3418,3,3.9
292,4308,4.5,4
292,4896,3.5,4
292,7161,3.5,3.8
293,3996,4.5,3.6
294,419,3.5,3.5
294,520,4.5,3.4
294,830,4,3.6
294,903,3.5,3.6
294,1086,4,3.6
294,1196,4,3.6
294,1801,4,3.6
294,1968,3.5,3.6
294,2017,3,3.6
294,2052,3,3.6
294,2057,3.5,3.7
294,2078,3,3.6
294,2083,4,3.6
294,2140,4,3.5
294,2193,3.5,3.6
294,2206,3.5,3.6
294,2291,3.5,3.6
294,2301,3,3.6
294,2997,3,3.5
294,3034,4.5,3.6
294,3258,4,3.5
294,3299,3,3.6
294,3477,3,3.6
294,3606,4,3.7
294,3877,3,3.6
294,4446,3.5,3.5
294,4678,3.5,3.6
294,4857,3,3.6
294,4992,3.5,3.6
294,5168,4.5,3.9
294,5313,3,3.6
294,5380,4.5,3.6
294,5618,4.5,3.6
294,6316,3.5,3.6
294,6874,3,3.6
294,7080,4,3.7
294,7102,3,3.6
294,7361,4,3.5
294,25971,3.5,4
294,32296,4,3.6
294,33004,4,3.5
294,41571,4,3.6
295,260,5,4.2
295,539,4,3.7
295,780,4,3.9
295,2420,4,4
295,2959,4,4.1
295,3006,3.5,4.1
295,3448,4.5,4.1
295,3471,4.5,4.1
295,4105,2,4.1
295,4901,4,3.8
295,5299,4,3.9
295,6378,4,4
295,6709,4,3.8
295,6776,4,4.4
295,7143,4,4
295,7438,4,4.1
297,72011,4,3.8
297,87869,3,3.8
298,1222,5,4.8
298,104283,5,4.8
299,347,4,4.3
299,839,3.5,4.1
299,849,3.5,4.3
299,1161,4.5,4.3
299,1377,4,4.2
299,1921,5,4.2
299,1982,4,4.2
299,2864,2.5,4.2
299,3108,4,4.2
299,6184,5,4.3
299,6197,2.5,4.1
299,6290,4.5,4.1
299,6707,3.5,3.8
299,6774,5,4.1
299,6987,4.5,4.3
299,7235,5,4.3
299,36401,4,4.1
300,3623,4.5,4.1
301,203,4,3.1
302,370,3,3
302,485,3,3
302,539,4,3.2
302,589,3,3.9
303,590,3.5,3.6
303,1089,5,3.8
303,1193,4.5,3.8
303,1222,4.5,3.8
303,1288,4,3.8
303,2291,3.5,3.8
303,2455,3.5,3.6
303,2542,4.5,3.7
303,5679,3,3.6
303,5989,3.5,3.7
303,6874,2,3.8
303,6942,3,3.6
303,69757,3.5,3.7
304,2109,3.5,4.1
304,45950,4,4.2
304,70286,5,4.3
306,17,4,3.6
306,19,4,3
306,34,4,3.5
306,186,3,3
306,296,4,3.7
306,508,4,3.4
306,786,2,3.2
306,910,4,3.6
306,1010,3,3.2
306,1120,4,3.4
306,1172,4,3.8
306,1187,3,3.4
306,1188,4,3.2
306,1197,4,3.6
306,1271,2,3.4
306,1321,4,3.4
306,1327,4,3.3
306,1381,2,3.3
306,1518,2,3.4
306,1625,3,3.4
306,1676,2,3.2
306,1732,4,3.5
306,1923,4,3.5
306,2137,4,3.6
306,2245,4,3.4
306,2289,4,3.7
306,2420,4,3.2
306,2628,3,3.1
306,2677,2,3.8
306,2763,4,3.3
306,2797,5,3.6
306,2973,4,3.6
306,3087,4,3.1
306,3405,3,3.2
306,3421,4,3.5
306,3524,5,3.5
307,293,3.5,4.3
307,4973,5,4.5
307,5110,4,4.3
307,40278,4,4.3
309,903,4.5,4.4
309,2502,5,4.4
309,5292,4.5,4.4
309,6385,3,4.3
309,8665,4.5,4.4
309,30810,5,4
311,39,3,3
311,61,3,2.9
311,95,3,2.9
311,177,0.5,3
311,235,4,3
311,281,1.5,3.1
311,371,3,3
311,488,2,3
311,539,4,3
311,592,2,3
311,899,2.5,3.2
311,906,2,3
311,992,2,3.2
311,1022,3,3.1
311,1082,2,3.2
311,1096,3,3.2
311,1127,3,3.1
311,1269,2,3.2
311,1287,4,3.2
311,1586,4,2.9
311,1744,3,2.9
311,1747,3.5,3.1
311,1876,4,2.9
311,1961,4,3.2
311,2001,3.5,3
311,2245,4.5,3.1
311,2321,3,3.1
311,2322,3.5,3
311,2469,3,3
311,2642,2,2.8
311,3098,4.5,3
311,3100,4.5,3
311,3248,2,2.9
311,3256,3.5,3.1
311,3512,4,3
311,3675,4,3
311,3980,3.5,3
311,4033,3.5,3.2
311,4333,3.5,2.9
311,4369,2.5,3
311,4558,3.5,3.1
311,4704,3.5,3.2
311,5060,2,3.1
311,5620,3,3
311,6308,2.5,3.1
311,6314,2.5,3
311,6533,3.5,3.2
311,7036,3,3.1
311,7121,3,3.2
311,8612,3,3.3
311,8623,3.5,3.2
311,39292,4.5,3.2
312,7,1,2.8
312,348,4,3.4
312,357,4,3.3
312,527,5,3.7
312,539,3,3.2
312,639,3,2.9
312,896,3,3.4
312,922,3,3.6
312,1046,5,3.5
312,1057,5,3.4
312,1073,3,3.8
312,1094,4,3.6
312,1097,3,3.6
312,1193,4,3.8
312,1214,5,3.8
312,1218,4,3.5
312,1344,4,3.4
312,1614,3,3.3
312,1616,3,3
312,1734,5,3.5
312,1784,5,3.4
312,2890,3,3.6
313,186,3,3.4
313,288,2.5,3.5
313,539,4.5,3.4
313,832,4,3.5
313,910,4,3.7
313,2410,3.5,3.5
313,3386,2,3.6
313,4015,2,3.5
313,4369,2.5,3.6
313,4992,3,3.5
313,5218,5,3.6
313,5620,3.5,3.5
313,6323,4,3.6
313,6711,4,3.6
313,33794,3,3.8
314,112552,4.5,4.1
314,112556,5,4.4
314,122892,4,4.3
315,5945,4,2.2
316,3755,2.5,3.5
316,4344,3.5,3.6
317,356,4,3.4
317,454,4,3.2
318,1,1,2.8
318,788,3,3.4
319,153,4,3.2
319,553,3,3.3
320,541,5,3.9
320,904,4.5,3.9
320,6942,4,3.8
320,60397,3,3.8
321,800,4,3.9
321,2289,4,4
322,1968,2,4
323,2054,3.5,3.5
323,3176,3.5,3.7
324,19,3,3.3
324,32,3.5,3.5
324,364,3.5,3.6
324,1200,3,3.6
324,1246,4,3.5
324,2762,3.5,3.7
324,3752,3,3.3
324,5952,3,3.5
324,6807,4,3.6
324,7147,3.5,3.5
324,88744,3.5,3.6
326,314,5,3.8
326,969,5,3.7
326,1287,3,3.6
327,2600,2,4
328,163,3.5,3.3
328,300,3,3.3
328,745,4.5,3.5
328,1580,4,3.4
328,2948,3.5,3.4
328,3507,4,3.4
328,4406,3.5,3.5
328,5690,4,3.5
329,648,4,3.6
329,653,3,3.7
330,707,2,3.1
330,1188,3,3.4
330,2570,3,3.3
332,1375,0.5,4.1
332,2167,4.5,3.5
333,3751,4,4.2
333,8529,5,4.3
333,47610,4.5,4.2
333,56174,4,4.3
334,68954,3.5,4.2
336,356,5,3.9
336,954,3,3.7
336,1204,1,3.6
338,17,4,3.8
338,648,4,3.2
339,1210,4,4
339,1270,4,4
339,1527,4,3.7
339,7143,3.5,3.8
339,130490,2,3.6
340,2805,4,3.5
340,3972,4,4.4
341,1343,4,3.8
341,4404,1,3.8
342,260,4,4.3
342,1231,5,4.3
342,1276,5,4.3
342,1537,5,4.2
342,2396,4,4.3
342,2906,4,3.9
342,3104,5,4.3
344,733,3,3.7
344,1216,4,3.4
344,1270,4,4.1
344,1388,1,3.2
345,62,3.5,3.6
345,235,4,4
345,377,2,3.4
345,2628,3.5,2.9
345,2710,2.5,3.3
345,2712,2.5,3.9
345,2890,4.5,3.9
345,2918,5,4
345,4306,4,3.9
345,4571,3.5,3.7
345,4641,5,3.9
345,5291,4.5,3.9
345,6350,5,4.1
345,8337,4.5,3.8
346,110,2,3.6
346,520,4,3.4
346,735,5,3.5
346,1210,5,3.6
346,1517,3,3.5
346,1587,4.5,3.5
346,1965,3,3.5
346,2000,5,3.6
346,2054,3,3.4
346,2140,4,3.6
346,2641,5,3.7
346,3868,4,3.5
346,4874,2,3.5
346,5833,1.5,3.5
348,175,5,3.8
348,1193,4,4
348,1221,1,3.8
348,4424,1,3.8
349,1097,3,3.8
349,1792,3,3.8
350,1210,5,4.1
350,2371,5,3.8
350,2404,4,3.5
350,2433,4,3.8
350,3424,4,4
350,3972,3,3.9
350,4018,3,3.3
350,4019,3,3.5
350,4967,5,3.8
351,1250,4,4.2
351,1286,5,4.1
351,4008,3,4.2
352,2959,4.5,3.8
352,5146,3,3.9
352,108932,4,3.9
353,442,1,2.4
353,502,0.5,2.3
353,736,1.5,2.4
353,1265,3,2.8
353,1291,3,3
353,2005,2.5,2.8
353,2028,3,2.9
353,2710,0.5,2.4
353,3178,3.5,2.7
353,3257,2,2.4
353,3527,3,2.6
353,3682,3,2.8
353,3979,1,2.5
353,5815,1,2.7
353,6754,3,2.7
353,6888,2.5,2.4
353,6934,2.5,2.4
353,7004,2,2.6
353,8371,2,2.6
353,8865,1.5,2.8
353,40278,3,2.9
353,44004,2.5,2.8
353,51255,3.5,2.7
354,112,5,3.8
354,316,3,3.7
354,471,5,4.3
354,520,3,3.6
354,596,4,4.3
355,377,4,3.3
355,593,4.5,4
355,648,3.5,3.5
355,780,3,3.1
355,1089,4.5,3.9
355,1214,5,4
355,2012,3.5,3.2
355,2138,3,3.8
355,2700,4,3.8
355,2808,2,3.1
355,2948,3.5,3.7
355,3081,4,3.4
355,3300,4,3.8
355,4306,4,3.7
355,5219,3.5,3.1
355,5254,3.5,3.4
355,6539,4,3.8
355,8360,4.5,3.4
355,32587,4.5,3.9
355,51662,3.5,3.6
357,231,4,4.1
357,364,5,4.6
358,46,1,3.4
358,434,2,2.7
358,543,2,3.2
358,551,2,3.3
358,592,4,2.9
358,719,1,2.1
358,928,4,3.7
358,1073,4,3.6
358,1210,5,3.8
358,1282,4,3.8
358,1286,2,3.1
358,1291,3,3.8
358,1353,1,2.9
358,1357,4,3.2
358,1379,1,3.1
358,1391,1,2.5
358,1485,4,2.6
358,1645,4,2.8
358,1801,1,2.6
358,1837,1,2.8
358,1839,1,2.9
358,1888,2,2.9
358,1912,4,3.4
358,1946,4,4
358,1968,4,3.8
358,2015,3,3.2
358,2099,4,3.7
358,2145,3,2.9
358,2300,5,3.9
358,2335,2,3.2
358,2384,4,3
358,2555,1,2.4
358,2717,1,2.2
358,2736,4,3.3
358,3108,3,3.6
358,3269,1,2.4
358,3361,5,3.7
359,1198,3.5,3.8
359,1446,4,3.7
359,2405,3,4.4
359,2858,4,3.9
359,81845,4.5,3.9
360,924,4,3.8
360,1200,4,4
360,3168,3,3.7
361,631,4,3.8
362,1747,3.5,3.5
362,2324,4.5,4
362,5618,3.5,4
362,37733,5,4
363,745,5,4
363,926,5,4.1
363,1088,2,3.5
363,1097,4,4.1
363,1653,4,3.6
363,1951,5,3.6
363,2084,2,3.2
363,2506,2,3.8
363,2690,4,3.8
363,2731,4,4.1
364,4018,4,4.3
364,7161,3.5,3.4
364,34321,5,4.8
364,45722,4.5,4
364,72998,0.5,4.5
365,1580,4.5,4.1
365,3967,4.5,4.1
366,2739,1,3.5
366,61348,0.5,3.7
367,208,0.5,3
367,357,4,3.4
367,2396,5,3.5
367,3753,3,3.2
367,4370,1,3.3
367,6863,2.5,3.3
367,8968,2.5,3.3
367,41997,3,3.7
368,1200,4,4
369,367,3,3.4
369,480,4,3.9
370,527,4,4.3
370,585,4,3.6
370,1372,3,3.7
370,1375,4.5,3.8
370,8874,4.5,4.2
370,8947,5,3.5
371,110,4.5,4
371,1193,4.5,4.1
371,3147,4.5,3.9
371,3717,3.5,3.8
371,4370,0.5,3.7
371,5952,2,3.9
371,8981,4.5,4
371,56174,3.5,3.8
371,58154,4.5,3.8
371,86880,4,3.5
371,90600,5,3.8
371,113829,3.5,3.5
372,2671,5,3.8
373,34,4,3.9
373,1078,4,3.8
373,1243,4,3.7
373,1381,2,3.2
373,1962,3,3.6
373,2081,2,4
373,2145,2,3.4
373,2442,3,3.8
373,2504,2,3.5
373,2844,4,3.4
373,2915,4,3.2
375,10,4,3.8
375,457,4,4.1
376,4234,3,2.8
377,2124,3.5,3.8
377,7444,3,3.4
378,6942,3.5,3.6
378,80463,3,3.7
378,104374,4,3.8
378,116897,4.5,3.7
379,593,4,4
379,1955,4,3.9
379,2329,4,3.9
379,2571,4,4
379,4963,3.5,3.7
379,4993,4,3.9
379,6874,3,3.9
379,48516,4,4
379,58559,4,3.9
379,63082,3,3.5
380,209,3,3.3
380,829,1,3.2
380,1208,3,3.7
380,1214,4,3.7
380,1285,4,3.6
380,1302,4,3.4
380,1391,1,3.1
380,2268,4,3.5
380,2273,3,3.4
380,2324,4,3.5
380,2455,4,3.5
380,2580,4,3.6
380,2599,3,3.6
380,2671,4,3.3
380,2688,3,3.3
380,2762,5,3.6
380,2779,4,3.5
380,2805,3,3
380,2997,4,3.6
380,3033,5,3.6
380,3054,1,3.2
380,3247,2,3.3
380,3248,2,3
380,3717,2,3
380,3979,1,3.1
380,4105,2.5,3.8
380,5464,3.5,3.4
380,5617,3.5,3.4
380,5782,4.5,3.8
380,6003,4,3.4
380,6281,2.5,3.2
380,6708,4,3.5
380,6787,4.5,3.7
380,7366,3,3.3
380,7458,3,3.1
380,8985,3,3.1
380,33794,3.5,3.7
380,34143,2,3.5
380,34332,3,3.6
380,49278,4,3.2
380,49649,2,3
380,68791,4,3.3
380,70565,2,3.1
380,71057,3.5,3.3
380,84374,2.5,3.2
380,85022,2.5,3.3
380,85131,2.5,3.2
380,87869,3,3.3
380,90719,3.5,2.9
380,91483,2.5,3.4
380,101285,3,3.8
381,595,5,3.6
381,3100,3,3.3
382,1,3.5,3.3
382,1020,4,3.2
382,1028,4,3.2
382,1835,2,3.1
382,2324,3,3.2
382,2424,3.5,3
382,2671,3,2.9
382,3911,3,3.2
382,3967,3,3.1
382,5299,2,3.1
382,6385,3,3.2
382,7451,3,3
382,34332,3,3.1
382,51884,2,2.9
382,88125,4,3.2
383,562,4,3.3
383,608,5,3.9
383,733,3,3.3
383,736,3,3.3
383,1049,4,3.4
384,353,3.5,3.4
384,733,5,3.1
384,786,3,3
384,1059,4,3.1
384,1092,3,3.1
384,1407,4,3.3
384,1497,3.5,3.6
384,1527,3,3.3
384,1721,4,3.1
384,2640,3.5,3.2
384,2916,3,3.3
384,2987,4,3.3
384,3752,4,3
384,4963,4,3.4
384,5349,5,3.3
384,6367,4,3.2
384,6754,2.5,3.1
384,6868,4,3.4
384,7143,4,3.3
384,7147,4,3.2
384,7346,3,3.1
384,7361,4.5,3.5
384,7767,4,3.4
384,30707,4,3.3
384,32587,5,3.4
384,33166,4,3.5
384,44191,3,3.4
384,44694,3.5,3.2
384,49530,3,3.5
384,49649,2,3
384,51935,3.5,3.4
384,52644,3,3.2
384,53322,3,3.2
384,53972,3.5,3.1
384,55820,4,3.5
384,61323,3,3.3
385,208,3,2.9
385,265,4,3.7
385,442,3,2.9
386,299,4,3
386,1120,3,2.8
386,1967,3,2.8
386,2710,2,2.4
386,3300,3,3.1
386,4571,2,2.8
387,104,3,3.7
387,344,2,3.6
387,901,5,4.2
387,929,4,4.1
387,1104,4,4.4
387,1284,4,4.4
387,1293,3,4.4
387,1674,4,4.2
387,1952,5,4.4
387,2080,4,4.4
387,2539,4,4.2
387,2770,3,4.4
387,3068,5,4.2
387,3097,5,4.1
387,3358,5,4.1
387,3604,5,4.3
387,3929,5,4.4
388,29,3,3.8
388,49,3,3.8
388,50,5,4
388,231,5,3.4
388,266,2,3.5
388,349,5,3.7
388,358,2,3.5
388,517,3,3.4
388,518,3,3.2
388,593,4,4
388,750,4,3.9
388,1252,5,4
388,1339,3,3.3
388,1459,2,3.4
388,1717,2,3.5
388,1816,4,3.3
388,2002,3,3.2
388,2005,5,3.8
388,2109,4,3.7
388,2194,5,3.9
388,2248,5,3.8
388,2263,3,3.7
388,2321,4,3.8
388,2359,4,3.8
388,2425,4,3.9
388,2530,4,3.5
388,2640,4,3.6
388,2728,5,3.9
388,3006,5,3.9
388,3081,4,3.5
388,3254,3,3.4
388,3504,4.5,4
388,4022,4,3.6
388,4489,4,3.8
388,4783,4,4.1
388,5297,4,4
388,5315,2,3.8
388,5666,2,3.6
388,6016,4,3.9
388,6754,2.5,3.6
388,6773,4.5,3.6
388,6863,4,3.6
388,6947,4.5,3.5
388,7325,3.5,3.3
388,27721,4.5,3.7
388,40583,4,3.6
389,185,4,3.3
389,588,4,3.4
390,315,3,2.9
390,423,3,3.3
390,673,1,3
390,852,3,3
390,1562,3,3
391,47,3,4.2
391,475,4,4
391,892,5,3.5
391,1207,5,4.1
391,1224,4,3.9
391,1225,5,3.8
391,1246,3,3.7
391,1263,5,4
391,1273,5,3.7
391,1673,3,3.8
392,169,1.5,3.1
393,1923,3.5,3.2
393,5995,4.5,3.3
394,355,0.5,3.4
394,585,2,3.5
394,1449,4,3.4
394,2716,3.5,3.2
394,8275,0.5,3.4
394,8665,4,3.2
394,76293,4.5,3.1
395,2628,5,2.1
396,198,4,3.1
396,279,2,3.5
396,328,3,3.2
396,596,3,3.3
396,1015,4,3.2
397,3263,3.5,3.5
397,5500,4.5,3.5
397,31658,4,3.9
397,67252,3,3.7
397,69481,4.5,3.7
397,71520,3,3.5
398,3578,4,4
398,3745,5,4.3
399,357,4,3.9
399,586,1,2.6
400,317,3,2.9
400,329,4,3.1
401,1127,3,4.5
401,1196,5,4.7
401,2528,4,4.4
401,3471,5,4.5
402,1240,2.5,3.9
402,1608,3.5,3.7
402,2012,4,3.7
402,2571,4.5,3.9
402,4995,3,3.8
402,5066,4,3.6
402,7263,4,3.7
402,8644,3,3.7
402,79695,3.5,3.6
402,87232,4,3.8
402,96079,1,3.8
402,134853,3.5,3.8
403,1343,4,4.1
404,6,4,3.9
404,2976,3,3.4
404,4885,2,3.4
405,85,4,3.7
405,380,2.5,3.5
405,858,5,3.9
405,1552,3,3.5
405,2023,5,3.6
405,2151,4,3.7
405,2312,4.5,3.6
405,2353,4,3.6
405,2918,1.5,3.9
405,3185,4.5,3.5
405,3256,3.5,3.7
405,3404,4,3.5
405,3638,3.5,3.5
405,3788,3,3.7
405,4103,4.5,3.8
405,5015,4,3.6
405,5420,4,3.4
405,5603,4.5,3.9
405,5945,0.5,3.6
405,6565,5,3.8
406,1258,3.5,4.3
406,3000,5,4.2
406,8253,2,4.4
406,26318,4.5,4.4
406,104283,5,4
407,25,4,4.3
407,300,5,4.2
407,529,5,4.3
407,1966,5,4
407,2395,5,4.3
407,3723,4,4.1
407,6062,3.5,4.3
407,6502,4.5,4.2
407,8966,4,4.2
408,21,5,3.9
408,1876,4,3.8
408,2064,4,3.9
408,2433,2,3.7
408,2447,1,3.4
408,2702,5,3.6
409,272,5,4.6
409,308,5,4.6
409,318,5,4.5
411,2858,4,3.8
412,2505,2,2.8
412,2724,3,2.7
412,3536,3,2.9
412,3744,3,2.9
412,4018,3,2.8
412,4239,3,2.9
413,62,4,3.8
413,141,3,3.8
413,648,4,4
413,780,4,4
414,24,2,2.4
414,835,2,2.1
414,2250,3,2.6
414,2427,3,2.6
414,2793,1,2
414,3534,2,2.4
415,208,3,4.2
415,380,5,4
415,454,5,4.1
415,480,5,3.8
416,7,4,3.1
416,440,3,3.2
417,110,5,4.1
417,832,5,3.6
417,1036,3.5,4
417,1304,4,4.1
417,4027,4,4.1
417,5010,4.5,4.1
417,5014,4.5,3.7
417,5991,0.5,3.7
417,6213,4,3.7
417,6662,4.5,3.9
418,377,3,3.7
418,2324,4.5,3.7
418,2572,5,3.5
418,4054,3.5,3.6
418,4901,3.5,3.6
418,33679,4,3.7
419,50,4,3.8
419,1722,2.5,3.8
419,3039,3.5,3.7
420,181,1,3.5
420,1023,5,4
421,266,3,2.7
421,300,3,3
421,593,3,3.4
422,39,4,4
422,62,3,3.7
422,589,3,4.1
422,3100,5,4
422,3107,4,3.7
423,111,5,3.9
423,1073,4.5,3.9
423,1198,4,3.9
423,1199,4.5,3.9
423,1219,5,3.9
423,2174,2,3.8
423,3681,3.5,3.7
423,4027,4,3.9
423,5218,2.5,3.3
423,8154,4,3.8
423,31658,5,3.8
423,34542,4,3.8
423,44195,3.5,3.6
423,68157,4,3.9
423,69122,2.5,3.6
423,79702,3.5,3.6
425,2959,3,3.7
426,1221,4.5,3.4
426,2706,1,3.1
426,4886,4,3.5
426,5679,4.5,3.3
426,6365,4.5,3.3
426,33794,4,3.4
426,52281,4.5,3.4
426,54503,3,3.3
426,72011,3,3.4
426,73017,3.5,3.4
426,74580,3.5,3.6
427,1192,5,3.8
427,2583,2,3.7
427,2692,4,4
427,2966,3,3.9
427,2997,4,4
427,3163,3,4.1
427,3188,4,3.8
427,3594,3,3.9
427,3624,4,3.8
427,4022,3,4
427,5222,4,4.3
427,5505,4,3.8
427,27846,4.5,4
427,68157,4,4
427,106438,4.5,4
427,106696,4,4
427,107141,3.5,3.9
428,2628,1.5,2.4
428,5816,3.5,3.6
428,6539,4,3.9
429,4226,1.5,2.7
430,141,4,4
430,147,4.5,4.1
430,1172,4.5,4.2
430,1198,4,4.2
430,1394,4,4.2
430,3949,4,4.1
430,4011,4.5,4.2
430,4022,3.5,3.8
430,5816,3.5,3.8
430,42738,4.5,3.3
430,43836,2.5,4
431,908,5,4.4
431,920,1,4.4
431,1221,5,4.4
431,1224,5,4.3
431,1270,4.5,4.3
431,1376,1,4.2
431,2012,3,3.9
431,2114,4.5,3.9
431,2700,0.5,4.2
431,3751,3,4.1
431,4641,4,4.3
431,4993,4.5,4.5
431,6708,3.5,4.3
431,6796,4.5,4.3
431,6932,5,4.1
431,8464,5,4.3
432,858,5,4.5
432,1214,5,4.5
432,2571,5,4.5
432,3949,5,4.4
433,1193,5,4.1
433,1203,5,4.1
433,2987,5,4
433,4993,5,4
433,5902,5,4
433,6711,4,4.2
433,35836,4.5,4
433,52722,3.5,3.3
433,91529,0.5,3.8
434,6,4,3.9
434,34,4,4
434,95,3,3.6
434,162,4,3.8
434,508,2,3.6
434,608,4,3.9
434,661,4,3.7
435,1196,5,4.4
436,919,3,4.3
436,1944,5,4.3
437,329,3,2.6
437,380,4,3.2
438,1193,4,4.5
438,4993,4,4.3
439,442,3,2.6
439,541,3,3.4
439,955,4,3.3
439,1081,4,3.1
439,2034,3,2.8
439,2094,3,2.9
439,2423,3,3.1
439,2759,3,2.9
439,3033,4,3.1
439,3535,2,2.8
439,3608,4,3.2
439,3868,4,3.3
439,3959,1,3.2
439,4027,4,3.4
439,5481,3,2.7
439,5679,5,3.2
440,466,4,3.3
440,474,4,4
441,581,5,4
441,2700,1,3.9
442,587,4,4
442,588,4.5,4.3
442,593,5,4.4
442,1036,4.5,4.4
442,1080,5,4.3
442,1090,4.5,4.3
442,1270,4,4.4
442,1500,5,4.3
442,1580,4.5,4.2
442,1917,3.5,4
442,6377,4.5,4.3
442,7386,4.5,4.4
443,293,5,4.9
443,1210,5,4.9
443,2571,4.5,4.9
443,94864,4.5,4.9
443,131013,3.5,4.7
444,3984,4,3.9
447,36,4,2.9
447,333,3,2.8
448,480,5,4.8
449,150,4,4.7
450,858,5,4.3
450,1222,5,4.3
450,3910,5,4
450,4226,5,4.3
450,4235,3.5,4.4
450,4873,5,4.4
450,109374,5,4.1
451,2693,3,3.7
451,3814,4,4.1
452,27,3,3.2
452,110,4,3.3
452,271,2,3.4
452,911,3,3.3
452,1077,4,3.5
452,1097,5,3.5
452,1231,4,3.5
452,1272,4,3.5
452,1409,3,2.8
452,1500,5,3.5
452,1541,2,3
452,1611,4,3.3
452,1653,2,3.2
452,1694,4,3.5
452,1883,1,3.2
452,1955,4,3.5
452,1975,0.5,2.8
452,2001,2.5,2.9
452,2303,3,3.5
452,2312,4,3.3
452,2334,3,3
452,2346,3,3.2
452,2369,1,3
452,2433,3,3
452,2439,4,3
452,2640,3,3.1
452,2692,5,3.5
452,2716,4,3.4
452,2827,3,2.9
452,2917,3.5,3.5
452,3062,4,3.3
452,3088,4,3.5
452,3147,4,3.2
452,3189,3,3.3
452,3244,3,3.4
452,3310,3.5,3.7
452,3363,5,3.5
452,3365,2,3.3
452,3683,4,3.6
452,3699,3.5,3.2
452,3706,2,3.1
452,3864,1,3
452,3987,4,3.2
452,3989,5,3.6
452,4023,3,2.9
452,4062,4,3.3
452,4167,2.5,2.7
452,4186,3,3.5
452,4187,4,3.5
452,4427,4,3.5
452,4803,3,3.1
452,4810,4,3.7
452,4866,2,3.2
452,4925,3,3.3
452,4995,4,3.4
452,5294,3,3.4
452,5299,4.5,3.1
452,5385,3,3.6
452,5464,4,3.1
452,5502,4,3
452,5668,3,3.6
452,5673,2.5,3.2
452,6337,4,3.6
452,6385,3.5,3.4
452,6461,4,3.6
452,6466,3.5,3.1
452,6502,3.5,3.4
452,7076,1.5,3.5
452,7091,3.5,3.6
452,7096,5,3.8
452,7493,4,3.6
453,393,3,3.6
453,502,3,3.5
453,552,3,3.5
453,1356,5,3.8
453,2002,4,3.4
453,2498,3,3.6
453,3745,4,3.9
454,293,5,4.6
454,296,5,4.6
454,318,4,4.5
455,377,3.5,3.7
455,457,4,4
455,1060,2.5,4
455,5445,4,3.9
456,1,3.5,3.9
456,5378,3,3.7
456,45722,4,3.7
456,72998,4,3.9
456,79132,3,3.9
457,32,3,2.9
457,104,3.5,2.2
457,288,3,2.4
457,520,2,2.4
457,648,1.5,2.4
457,1222,4.5,3.1
457,1645,2.5,2.3
457,1884,4,2.7
457,2002,1,2.2
457,2064,3,3
457,2076,5,2.9
457,2081,1,2.7
457,2134,2.5,2.5
457,2411,2,2.3
457,2795,3,2.7
457,2804,3.5,2.9
457,2987,2.5,2.7
457,3146,2.5,2.2
457,3624,1.5,2.3
457,4293,2,2.1
457,4333,3,2.3
457,4487,2,2.3
457,5879,2,2.6
457,6774,3,2.8
457,8808,1,2.5
457,33166,3,2.9
457,45186,1,2.2
457,56805,3,3.2
457,70728,3,3.1
457,103801,2.5,1.5
457,106072,0.5,2.3
457,107348,1.5,2.4
457,108981,4,2.9
457,122882,0.5,2.6
458,1214,4,3.8
458,1923,3.5,3.5
459,653,4,4
460,471,5,3.9
460,592,3.5,3.7
460,899,5,3.9
460,913,4,3.9
460,1302,2.5,3.8
460,2542,4,3.8
460,2804,3.5,3.9
460,2947,4,3.8
460,3882,4,3.6
460,4039,2,3.7
461,17,4.5,3.3
461,104,3.5,2.4
461,122,1.5,2.4
461,253,2.5,2.7
461,515,3.5,3.2
461,802,1.5,2.4
461,912,4.5,3.5
461,953,4.5,3.4
461,1027,1.5,2.5
461,1035,5,3.2
461,1036,4.5,3.3
461,1060,4,3.5
461,1127,2.5,3
461,1265,3.5,3.3
461,1485,3,2.6
461,1580,2,2.9
461,1688,2.5,3
461,1909,2,2.5
461,1983,1.5,2.8
461,2076,3.5,3.1
461,2118,3.5,3
461,2174,3,3
461,2320,2,2.6
461,2336,2,3
461,2571,4.5,3.5
461,2580,3.5,3.1
461,2640,4,2.8
461,2872,3.5,3
461,2986,1,2.5
461,3039,5,3.2
461,3176,2.5,2.6
461,3203,3.5,3
461,3408,4,2.6
461,4025,2.5,2.3
461,4033,3.5,3.2
461,4638,1.5,2.3
461,4896,3.5,2.5
461,33794,4,3.3
461,36519,3.5,2.5
462,587,3.5,3.5
462,1784,3.5,3.3
462,2001,5,3.4
462,2699,3,3.1
462,3977,3,3.2
463,454,3,3.1
463,587,4,3.1
463,1396,4,3.4
463,1587,4,3.2
463,1653,3,3.3
463,1889,3,3.6
463,2020,4,3.7
463,2138,4,3.5
463,2529,4,3.5
463,2803,3,3.1
463,3018,3,3.4
463,3257,3,2.9
463,3525,3,3.5
463,3527,4,3.4
463,3740,2,3.2
463,3917,3,3.4
463,3996,4,3.7
463,4025,2,2.9
463,4103,4,3.6
463,4306,5,3.5
463,4444,4,3.7
463,5415,3,3.2
464,260,5,4.9
464,380,4,4
465,17,5,4.4
466,296,4,4.2
466,381,3,3.2
466,858,5,4.3
466,1097,5,4.2
466,1282,3,4.1
466,2003,4,3.3
466,2174,3,3.6
466,2478,3,3.3
467,155,3,3.9
467,928,5,3.8
468,216,1,2.7
468,317,3,2.5
468,531,3,3
468,922,3.5,3.2
468,954,4,3.2
468,1059,3,3
468,1196,3,3.2
468,1203,4,3.3
468,1258,4,3.3
468,1281,4,3
468,1295,3,2.8
468,1366,2.5,3
468,1517,2,2.8
468,1586,1.5,2.4
468,1625,3,3.2
468,1955,4,3.1
468,2066,3.5,3.3
468,2085,3,2.9
468,2139,3,3
468,2194,3.5,3.1
468,2273,2.5,2.9
468,2410,2.5,2.7
468,2648,3.5,3.2
468,2727,3,3.3
468,2987,3.5,3.1
468,3077,4,3.2
468,3098,3,2.7
468,3201,3,3.2
468,3310,4.5,3.3
468,3444,1.5,2.5
468,3471,3.5,3.2
468,3555,2,2.8
468,3559,3.5,2.9
468,3916,2.5,2.9
468,3979,1,2.5
468,3993,2.5,2.6
468,3999,1.5,2.7
468,4025,2,2.5
468,4054,1.5,2.5
468,4144,3.5,3.2
468,4432,3.5,3.1
468,4467,3,2.9
468,4515,3.5,2.8
468,4720,3,2.8
468,4799,2.5,3.1
468,4816,2,3
468,4963,2.5,3
468,4994,2.5,2.6
468,5008,3,3.2
468,5177,4.5,3
468,5404,3,3.3
468,5528,2.5,2.8
468,5941,1.5,2.5
468,5955,2,3
468,6395,2.5,3.1
468,6708,3,3
468,6979,2.5,3
468,7438,3,2.9
468,8376,2.5,3
468,8491,4,3.3
468,8958,3,3.2
468,26178,3,3.3
468,32280,3.5,3.1
468,33660,3,3.2
468,41571,2.5,2.7
468,52435,3.5,3.2
468,59615,2,2.4
468,66019,4,3.1
468,72226,4,3.1
469,555,4.5,3.7
470,1333,3.5,3.4
470,1339,2.5,3.4
470,7454,3,3.2
470,31658,4.5,3.5
471,2410,4,3.5
471,2514,2,3.4
471,2989,4,3.5
471,3702,4.5,3.6
471,4886,4,3.8
471,6377,3.5,3.8
471,7569,4.5,3.8
472,25,5,3.9
472,125,5,4
472,265,3,3.7
472,348,3,4
472,492,2,3.8
472,501,4,4
472,785,4.5,3.7
472,1171,3,3.8
472,1197,5,3.9
472,1199,5,4
472,1203,4,4
472,1225,4,4
472,1245,4,4.1
472,1500,4,4
472,1617,5,4.1
472,1701,3,4
472,1748,3,3.9
472,2019,4,4
472,2037,3,4
472,2085,4,3.8
472,2160,4.5,4
472,2282,3,3.6
472,2425,3,3.9
472,2936,4,4.1
472,3037,5,4
472,3081,4,3.7
472,3104,4,4
472,3224,4,4.2
472,3342,4,3.9
472,3384,5,4
472,3543,4,3.9
472,3755,2,3.6
472,3819,3,4
472,4116,4,3.8
472,4246,4,3.7
472,4304,5,3.7
472,4990,3,4.3
472,5316,3,3.8
472,5572,3,3.4
472,5577,2,3.8
472,5942,3,3.3
472,6975,3,4
472,6993,4.5,3.8
472,7153,2,3.9
472,26231,3.5,4.1
472,44761,4,3.7
473,2,5,4
473,500,5,4.6
473,50872,5,4.6
473,83349,2.5,4.2
473,90430,5,4.7
473,90890,1,3.9
474,1282,4,4.2
474,1304,4,4.2
475,903,4,3.5
475,1221,5,3.6
475,2617,3.5,2.4
475,3082,2,2.5
475,3997,0.5,2.4
475,4720,2.5,2.8
475,4890,1.5,2.4
475,5445,3,3.1
475,5480,1.5,2.8
475,6566,0.5,2.3
475,6595,2.5,2.3
475,6934,2,2.3
475,7164,1.5,3.2
475,8947,1,2.3
475,33646,2.5,3.8
475,34332,2,3.1
475,37731,3,3.5
475,45186,3.5,2.5
475,45499,2,2.9
475,45672,1,2.3
475,52973,3,2.6
475,62999,1,3.3
475,63082,3,2.8
475,68358,4,3.3
475,69481,3.5,3.5
475,73321,4,3
475,76251,3.5,3.1
475,79185,2,2.4
475,81782,2,3.3
475,81845,4,3.4
475,86882,3,3.4
475,87306,3.5,2.8
475,91660,0.5,2.5
475,93363,2.5,2.6
475,98122,4,2.9
475,98809,3,2.9
475,101864,2.5,2.8
475,103335,1,2.7
475,106002,2.5,2.9
476,1198,3,3.7
477,2985,2,4.6
477,37386,5,3.4
478,1193,4.5,4.4
478,1527,5,4.2
478,80693,3.5,4.4
479,4226,4.5,4.2
479,4686,3.5,3.9
479,6539,4,4.2
479,47610,5,4.1
479,54503,5,4.2
479,64614,4,4.1
479,81562,5,4.3
479,87520,4,4.3
480,110,4,4.1
480,1485,4.5,4
480,1732,4,4.1
480,2671,3.5,4
480,2985,3.5,4.1
480,3114,2.5,4.1
480,33794,4,4.2
480,39446,4,3.9
480,48780,5,4.1
480,59315,3,4.2
480,59784,3,4.1
480,62644,3,3.9
480,73017,5,4.1
480,79132,5,4.1
481,1213,4.5,4.4
481,1240,3.5,4.4
481,1291,4,4.2
481,1997,4,4.3
481,2351,4.5,4
481,3022,4.5,4.4
481,4016,4,4
481,5620,2,3.7
481,6287,2.5,3.7
481,7323,5,4
481,8197,5,3.9
481,30707,4.5,4.3
481,64614,4.5,4.2
481,74458,4,4.2
481,106782,4,4.4
481,108727,4,4.4
481,112556,4,4.3
481,116797,3.5,4.1
482,1214,5,3.9
482,2617,4,3.5
482,2716,5,3.8
482,2901,4,3.7
483,1291,4,4
483,3527,5,3.9
483,4878,4,4
483,5952,4,4.1
483,53125,2.5,3.6
483,54286,4,3.9
483,59615,3.5,3.3
483,69481,5,4
483,116823,3,3.3
484,76,5,3.6
484,494,4,4.1
485,3386,2.5,3.6
485,3826,3,3.2
486,1270,5,3.7
486,2918,4,3.7
486,59315,2.5,3.8
486,60756,2.5,3.7
486,68954,5,3.7
486,72226,4.5,3.6
487,10,4,3.7
487,74,4,3.7
487,175,4,3.9
487,207,4,3.7
487,361,3,3.8
487,381,4,3.6
487,594,4,3.8
487,736,5,3.6
488,1206,4,4.2
488,61236,4,4.3
491,125,4,3.3
491,1794,4,3.3
491,2336,4,3.6
492,1699,3,3.8
493,207,4,3.4
493,237,2,3.4
493,266,4,3.4
493,613,4,3.6
493,1617,4,3.4
493,1680,5,3.5
493,1894,3,3.5
494,356,3.5,4.2
494,858,5,4.2
495,454,4,3.5
496,95,4,3.9
496,165,4,3.8
496,317,3,3.9
496,382,3,4
496,597,4,3.9
497,2352,5,3.9
497,2470,2,3.6
498,1035,2.5,3.9
498,2918,5,3.8
499,1213,5,4.6
500,364,2.5,3.3
500,3174,4,3.3
500,3751,1.5,3.1
500,3755,2,3
500,6565,1.5,3.3
500,7147,4,3.4
500,7444,4,3
500,8360,3.5,3.2
500,40815,3.5,3.1
500,58047,3.5,3.2
500,65230,3,3.1
500,69606,4,3.1
501,1148,4,4.1
501,1704,5,4.2
501,2761,3.5,4
501,3160,4.5,4.2
501,30812,4,4.1
501,58103,4,4
502,471,4,4.3
502,608,5,4.2
502,671,5,4
502,1292,4,4.1
503,50,4,3.9
503,60069,4,3.8
503,79091,5,3.8
505,596,3,3.3
505,912,4.5,3.3
505,921,3,3.3
505,955,3,3.3
505,1193,3.5,3.3
505,1270,3.5,3.3
505,1293,3.5,3.3
505,1299,3.5,3.3
505,1732,2,3.3
505,1961,3,3.4
505,2641,3,3.3
505,2701,1,3.2
505,2739,3,3.3
505,3061,3.5,3.3
505,5060,3,3.3
505,5299,3.5,3.3
505,5945,3,3.3
505,7983,3.5,3.3
505,36517,3.5,3.3
505,48394,1,3.3
506,364,3,3.4
506,1059,4,3.1
507,648,4,3.3
507,780,4,3
507,1210,5,3.8
508,161,4,4.2
508,300,5,4.4
508,539,4,3.4
509,6,3,3.5
509,272,4.5,3.7
509,534,4,3.6
509,539,3,3.1
509,597,2,3.2
509,1120,3,3.4
509,1240,3,3.7
509,1265,2,3.7
509,1291,4,3.7
509,1295,4,3.3
509,1304,4.5,3.7
509,1378,3,3.1
509,1589,4,3.2
509,1663,3,3.4
509,1897,4,3.1
509,2019,4,3.7
509,2391,3,3.6
509,2539,3,3.2
509,2746,1,3.3
509,3095,4,3.6
509,3173,2,3.1
509,3177,3,3.4
509,3365,4,3.4
509,3396,4,3.6
509,3629,4,3.7
509,3686,3,3.2
509,3763,3,3.2
509,3998,3,3.1
509,4022,3,3.4
509,4066,3,3.6
509,4886,4.5,3.6
509,4890,2,3
509,6016,4.5,3.7
509,6710,3,3.6
509,6874,2.5,3.5
509,7438,4,3.3
510,281,3,3.4
510,1027,1,3.3
510,1096,3,3.2
510,1186,4,3.3
510,2108,4,3.2
510,2303,2,3.4
510,2750,4,3.2
512,60069,4,4.3
512,74458,5,4.3
512,116797,5,4.6
513,318,5,4.3
513,380,3,3.5
514,337,4,3.9
514,369,3,2.9
514,433,3,3.5
514,491,3,3
514,497,3,3.6
514,510,2,3.2
514,532,2,3.5
514,537,1,3.4
514,585,3,3.4
514,780,3,3
514,924,5,3.9
514,953,4,4
514,1013,3,3.3
514,1015,3,3.3
514,1022,4,3.8
514,1090,4,3.9
514,1103,4,4
514,1129,3,3.4
514,1204,5,4
514,1297,4,3.5
516,5,3,3.2
516,154,4,3.4
516,188,3,3.4
516,256,3,3.3
516,326,4,3.6
516,344,4,3.2
516,357,4,3.5
516,382,4,3.4
516,384,3,3.5
517,253,4,3.9
518,104,4,3.4
518,153,3,3.3
518,158,4,3.4
518,339,5,3.6
518,342,4,3.4
518,355,1,3.3
518,466,1,3.3
518,788,4,3.5
518,799,3,3.5
518,858,3,3.9
518,924,3,3.6
518,998,4,3.5
518,1029,4,3.7
518,1064,4,3.5
518,1073,5,3.6
518,1090,5,3.9
518,1096,3,3.7
518,1220,4,3.8
518,1247,3,3.7
518,1265,3,3.7
518,1282,3,3.8
518,1334,3,3.5
518,1379,3,3.6
518,1460,4,3.6
518,1991,3,3.6
518,1997,4,3.6
518,2021,4,3.5
518,2108,1,3.6
518,2120,4,3.5
518,2133,4,3.4
518,2243,4,4
518,2245,3,3.5
518,2265,3,3.4
518,2268,5,3.7
518,2316,3,3.4
518,2354,4,4
518,2375,4,3.3
518,2385,1,3.3
518,2422,2,3.4
518,2432,5,3.7
518,2513,3,3.5
518,2787,4,3.5
518,2794,2,3.4
518,2803,3,3.5
518,2861,4,3.4
519,50,4,4.4
519,608,4,4.4
519,1194,5,4.4
519,1220,4.5,4.3
519,2174,4,4.4
519,4979,4.5,4.5
519,5673,4,4.4
519,7451,4.5,4.4
519,112183,4,4.4
520,111,5,4.1
520,1200,4,3.9
520,3578,4.5,3.8
521,236,3.5,4
521,376,3.5,4.1
521,1747,3.5,4.2
522,367,3,2.8
522,1247,3.5,3.3
522,1278,4,3.3
522,1408,3.5,3.1
522,1466,2.5,3.4
522,1682,4,3.4
522,4262,3,3.3
522,6539,3.5,3.4
522,6888,3,2.7
522,32587,4,3.4
522,48516,4.5,3.4
522,60950,2.5,3.2
522,78469,2.5,2.8
522,79132,3.5,3.4
522,106487,3.5,3
523,48,4,3.8
523,110,5,4.2
523,1552,4,3.7
523,1704,4.5,4.2
523,2640,4,4.1
523,3897,3,4.1
523,4085,4,4.2
523,5445,4,4
523,26606,4.5,4.1
524,2116,4,3.6
524,51662,4,4
525,673,1,3.1
525,2023,5,3.2
526,6333,4,3.9
527,36,2,3.7
527,912,4,3.6
527,924,3,3.6
527,1196,3,3.5
527,2160,4,3.5
527,6502,5,3.4
528,111,3.5,3.7
528,236,3,3.5
528,1259,4.5,3.7
528,1730,3.5,3.4
528,2072,3.5,3.3
528,2169,2.5,3.3
528,2289,3,3.6
528,2700,3.5,3.4
528,3173,3,3
528,7153,3.5,3.7
528,8366,3,3.1
529,506,2,3.4
529,509,3,3.4
529,1029,3,3.7
529,1193,2,3.7
529,1243,0.5,3.6
529,1248,3,3.7
529,1270,3,3.6
529,2529,3,3.6
529,2762,3,3.6
529,2803,1,3.4
529,2863,3,3.7
529,2966,1,3.5
529,3546,4,3.6
529,3668,3,3.7
529,3739,4,4
529,6235,3,3.6
529,6942,3.5,3.6
529,7078,3.5,3.3
529,7091,4,3.7
529,7587,3,3.7
529,7706,4,3.7
529,8970,4.5,3.6
529,31923,4,4
529,34552,4,3.4
529,38304,4,3.7
529,56367,4,3.6
529,78499,4,3.6
529,88810,4,3.7
529,91529,3.5,3.6
529,96432,2.5,3.5
530,780,3,3.3
530,1196,5,4.6
531,1380,4,3.4
531,2054,3.5,3.1
531,64957,4,3.1
533,230,4,3.4
533,608,4,3.5
533,1488,2,3.2
533,1653,4,3.2
533,1727,3,3.6
533,2858,2,3.5
533,3451,4,3.6
534,61,4,3.7
534,288,3,3.5
534,374,3,3.6
534,463,4,3.7
534,547,4,3.7
534,587,3,3.7
534,1408,4,3.6
534,1427,4,3.8
534,1608,4,3.6
534,1721,5,3.5
534,1754,5,3.5
534,2142,5,3.5
534,2278,4,3.6
534,2302,3,3.5
534,2770,3,3.6
534,3246,4,3.6
534,3614,3,3.5
535,165,3,3
535,231,3,2.9
536,256,2,3.6
536,257,4,3.5
536,319,3,3.8
536,339,4,3.7
536,592,3,3.8
537,36,4,4.1
537,95,2,3.8
537,252,3,3.8
537,345,4,4
537,368,4,3.7
537,497,5,4.3
537,581,4,4
537,587,3,3.8
537,720,5,4.1
537,1027,2,3.7
537,1179,3,4.1
537,1188,5,3.8
537,1291,4,4.2
537,1365,5,4.2
537,1374,5,4
538,595,3,4.5
542,7064,2,4
542,8961,3,4.1
542,54001,2,4
543,608,5,4.7
543,802,4,4.1
543,1073,3,4.4
544,589,4.5,4.5
544,1080,5,4.5
544,1175,4.5,4.5
544,1653,4.5,4.5
544,1968,5,4.5
544,2117,5,4.5
544,2858,4,4.5
544,4848,4.5,4.5
544,5152,4,4.4
544,5459,4,4.4
544,5952,4,4.5
544,34542,5,4.5
544,64501,5,4.5
544,69481,5,4.6
544,89492,5,4.5
545,1249,5,4.3
545,1617,4,4.4
545,1673,5,4.4
545,1885,1,4.4
545,1956,5,4.4
545,2146,2,3.3
545,2345,4,4
545,2712,2,4.3
545,2738,1,4
546,2761,4,4.7
547,50,4,3.7
547,235,4,3.6
547,246,5,3.7
547,300,4.5,3.5
547,349,3.5,3.5
547,350,3,3.2
547,356,2,3.5
547,671,4,3.6
547,736,3,3.2
547,838,3,3.4
547,945,4,3.6
547,948,3.5,3.5
547,994,5,3.6
547,999,2,3.3
547,1032,3.5,3.5
547,1222,4.5,3.6
547,1246,1,3.4
547,1250,3.5,3.7
547,1290,3,3.5
547,1295,5,3.5
547,1296,5,3.6
547,1660,3,3.3
547,1810,4,3.4
547,1923,4,3.4
547,1960,4,3.6
547,1962,3.5,3.5
547,2018,5,3.6
547,2067,5,3.5
547,2181,4,3.5
547,2188,2,3
547,2247,4,3.5
547,2260,2,3.2
547,2333,4,3.6
547,2349,4.5,3.5
547,2539,3,3.4
547,2634,3,3.2
547,2755,2,3.5
547,2762,4,3.6
547,2804,3,3.7
547,2856,3,3.1
547,2866,3,3.6
547,2997,5,3.6
547,3130,2,3.2
547,3211,4,3.5
547,3255,3,3.5
547,3274,3,3.4
547,3330,3.5,3.6
547,3450,0.5,3.2
547,3481,4.5,3.6
547,3707,2.5,3.6
547,3825,1,3.3
547,4009,4,3.5
547,4011,0.5,3.5
547,4041,3,3.4
547,4066,4,3.7
547,4210,3,3.5
547,4246,2,3.4
547,4296,2,3.4
547,4496,1,3.6
547,4641,3.5,3.7
547,4890,0.5,3.2
547,4993,2.5,3.6
547,6731,2,3.6
547,7038,3.5,3.9
547,7171,3.5,3.2
547,8529,3,3.3
547,8623,2.5,3.5
547,8882,3.5,4
547,8958,4.5,3.8
547,30812,3.5,3.4
547,45186,1.5,3.3
547,45208,1,3.4
547,47099,4,3.8
547,47202,4,4.4
547,48774,4.5,3.7
547,51540,4,3.7
547,55247,5,3.4
547,63082,4.5,3.4
547,64622,4,3.8
547,64839,4.5,3.6
547,69122,3.5,3.5
547,71156,2.5,3.5
547,74510,3.5,3.5
547,78729,2.5,3.7
547,87306,4,3.4
547,95583,3,3
547,99114,4,3.7
547,101531,1.5,3.7
547,103624,4,3.6
547,109848,2,3.7
547,115569,4.5,3.7
547,142488,4,3.7
548,62,3,3.3
548,276,3,3.2
548,306,3,3.6
548,509,3,3.4
548,555,4,3.7
548,708,3,3.2
548,1086,4,3.4
549,671,5,3.1
549,743,2,2.1
550,377,5,3.3
550,589,4,4.1
550,593,4,4.1
550,788,3,2.9
550,832,2,3.1
550,1127,4,3.7
550,1196,5,4.2
550,1917,3,3.2
551,426,3,3.3
551,1086,4,3.3
552,356,1,3.2
553,293,4,4
553,1704,4,4
553,2949,4.5,3.9
553,7143,5,4.1
553,49272,4,4
553,49530,4,4
553,61160,3,4
553,63113,3.5,3.9
553,66171,3.5,4
553,99114,4,4
553,118696,5,4
554,2762,5,4
555,105,2,2.9
555,249,2,3.4
555,253,3,3
555,272,4,3.8
555,318,5,3.6
555,539,2,2.7
556,231,3,4.2
557,2018,2,2.9
558,2132,5,4.5
558,3186,4,4.3
558,3834,4,4.3
558,3869,3,4.4
558,3871,5,4.6
558,4153,3,4
558,4220,5,4.6
558,5015,4,4.3
559,79,4,3.9
559,349,5,4.5
559,356,5,4.7
559,1231,5,4.6
559,1286,5,4.2
559,1527,3,4.4
559,1876,4,4
560,596,4,4
560,1200,4,4
560,3273,4,3.8
560,3697,4,3.9
560,116977,3,3.8
561,32,3.5,3.8
561,832,2,3.5
561,923,4,3.8
561,1527,3,3.7
561,1580,3,3.6
561,2324,3.5,3.8
561,3081,4,3.5
561,7022,4.5,3.7
561,7324,4,3.5
561,8528,4,3.5
561,45728,4.5,3.5
561,48516,4,3.8
562,39,3.5,4.1
562,293,4.5,4.2
562,380,4,3.9
562,410,3.5,3.8
562,2115,4.5,4.2
562,4085,4.5,4.1
562,4886,4,4.2
562,6539,4.5,4.2
562,8644,4,3.9
562,8949,3.5,4.1
563,1213,5,4.1
563,5010,4.5,4
563,5618,4.5,4.1
563,70533,4,4
563,79702,4,4.1
563,88129,4.5,4.1
563,97923,4,4
563,112911,3.5,2.9
563,122882,4.5,4
564,15,1,3.4
564,16,4,3.9
564,22,5,3.5
564,36,5,3.7
564,52,5,3.7
564,81,3,3.4
564,111,3,3.9
564,122,4,3.4
564,194,4,4
564,234,4,3.5
564,267,2,3.2
564,351,2,3.4
564,380,5,3.5
564,382,2,3.7
564,388,4,3.9
564,533,4,3.7
564,556,4,3.9
564,639,4,3.5
564,691,4,3.5
564,905,4,3.9
564,923,3,3.9
564,924,3,3.7
564,1011,4,3.7
564,1060,3,4
564,1081,5,3.6
564,1086,5,3.7
564,1094,5,3.8
564,1188,3,3.6
564,1213,3,3.9
564,1238,3,3.9
564,1301,4,3.7
564,1339,3,3.4
564,1348,5,3.9
564,1373,3,3.3
564,1379,1,3.6
564,1388,4,3.3
564,1562,3,3.3
564,1655,5,3.3
564,1663,5,3.6
564,1719,3,4
564,1801,1,3.4
564,1848,1,3.6
564,1855,2,3.4
564,1888,3,3.6
564,1889,2,4
564,1914,4,3.7
564,1947,4,3.8
564,1958,4,3.8
564,2002,2,3.3
564,2082,1,3.4
564,2095,4,3.3
564,2108,5,3.7
564,2294,4,3.5
564,2316,4,3.4
564,2369,4,3.4
564,2370,2,3.9
564,2410,2,3.4
564,2421,1,3.4
564,2473,1,3.4
564,2550,5,3.8
564,2657,5,3.4
564,2721,5,3.8
564,2762,5,3.7
564,2857,4,3.7
564,2862,4,3.6
564,2903,1,3.7
564,2926,5,3.7
564,2991,3,3.6
564,3060,4,3.6
564,3063,4,3.4
564,3203,4,3.7
564,3255,3,3.6
564,3360,3,3.6
564,3535,4,3.5
564,3547,5,4
564,3689,3,3.5
564,3702,3,3.8
564,3705,4,3.3
564,3742,3,3.8
564,3770,5,3.6
564,3807,5,3.5
564,3809,4,3.6
564,3857,1,3.5
564,3917,5,3.6
565,1537,4,3.7
566,318,5,4.4
566,58559,5,4.7
566,61024,4,4.7
568,480,5,4.1
569,11,5,4
569,110,3,4.2
569,909,5,4.2
569,913,3,4.3
569,2359,5,4.3
569,2858,5,4.1
570,1027,4,3.5
570,2959,3,3.6
570,3623,5,3.6
570,3624,3,3.7
570,3916,4,3.5
570,58559,1.5,3.6
570,79185,4.5,3.4
570,81229,4.5,3.7
570,91630,5,3.7
572,1203,4.5,3.9
572,4993,4.5,3.9
572,6378,4,3.5
572,31696,3.5,3.5
572,45186,4,3.5
572,104913,4.5,3.8
573,2947,3,3.8
573,3100,3,3.6
574,539,3,3.3
574,1196,4,3.9
574,1371,3,3.3
574,1375,3.5,3.3
574,1639,4.5,3.6
574,2539,3,3.4
574,3000,3,3.8
574,3489,4,3.2
574,4226,3.5,4
574,5151,3,3.2
574,5419,2.5,3.1
574,8638,4,3.8
574,44191,4,3.9
574,47200,3.5,3.5
575,261,4,3.4
575,316,2,3.3
575,337,3,3.6
575,543,2,3.3
575,592,3,3.3
575,1049,4,3.3
575,1254,5,3.7
575,1270,3,3.6
575,1626,1,3.4
575,2040,3,3.4
575,2082,2,3.1
575,2132,2,3.6
575,2146,3,3.1
575,2406,4,3.6
575,2528,3,3.2
575,2565,3,3.2
575,2640,4,3.3
575,2940,2,3.3
575,3045,3,3.2
575,3061,4,3.4
575,3098,5,3.3
575,3157,5,3.1
575,3247,2,3.2
575,3793,1,3.4
575,4306,5,3.6
575,4326,3,3.6
575,4802,5,3.5
575,4936,4,3.5
576,1036,3,3.9
576,1199,3,4
576,2858,5,4.1
576,4453,3,0
577,1380,4,4.4
577,1641,4.5,4.5
577,1674,5,4.6
577,1960,4.5,4.6
577,2005,4.5,4.5
577,2054,3.5,3.9
577,2194,4.5,4.6
577,2380,1.5,3.7
577,2382,0.5,3.8
577,4963,4.5,4.5
577,7454,4,3.9
577,8783,4,4.2
578,1196,0.5,3.1
578,3545,1.5,2.8
578,8533,3,2.9
578,74458,5,3.2
578,91500,3,3.2
579,2193,0.5,2.3
579,91104,4.5,0
580,6,3.5,3.5
580,235,3.5,3.5
580,370,2.5,3.1
580,648,2.5,3.2
580,923,3,3.6
580,1129,2,3.4
580,1291,3.5,3.5
580,1387,3.5,3.5
580,1527,3.5,3.3
580,1954,4.5,3.4
580,2100,3,3
580,2150,3.5,3.3
580,2791,3,3.5
580,2959,5,3.5
580,2976,4.5,3.2
580,3019,4,3.6
580,3022,4,3.6
580,3030,4.5,3.5
580,3081,3,3.3
580,3253,3,3.3
580,3489,3,3
580,3686,3,3.2
580,3972,4.5,3.4
580,3994,4,3.2
580,4069,2.5,2.8
580,5902,4.5,3.5
580,6721,4,3.3
580,6979,3.5,3.4
580,7481,3,3.5
580,8376,4.5,3.3
580,8641,3.5,3.3
580,8665,3,3.4
580,8861,2.5,2.9
580,8874,4,3.4
580,27801,3.5,3.5
580,33493,2.5,3.3
580,40583,2,3.3
580,40629,4,3.5
580,49272,3,3.5
580,64575,4,3.4
581,27478,0.5,3.6
582,62,3.5,3.7
582,253,5,3.5
582,661,2.5,3.3
582,2946,4.5,3.5
582,2987,2,3.6
582,3751,1.5,3.5
582,3980,4.5,3.4
582,8880,5,3.7
583,2858,4,4.3
584,2054,2.5,3.5
584,2571,5,4
584,3156,5,3.3
584,4699,4,3.9
584,4886,5,4.1
584,4993,5,4.1
584,6365,3,3.3
584,42718,3,3.9
584,53972,3,3.8
584,59016,3,3.9
584,59369,5,3.9
584,62374,5,3.9
584,64614,5,4.2
585,247,3,4.4
585,345,3,4.1
585,357,4,4.3
585,936,4,4.4
585,1104,4,4.5
585,1220,4,4.3
585,1254,5,4.4
585,1263,4,4.4
585,1537,4,4.4
585,1885,4,4.4
585,1927,5,4.4
585,2349,4,4.2
585,2359,5,4.4
586,593,2,3.8
586,1196,4,3.8
586,2109,0.5,3.7
586,3386,1.5,3.7
586,6711,4,3.7
587,904,4,4.1
587,942,4,4.1
587,1041,4.5,4.1
587,1292,4,4.1
587,1354,4,4.1
587,2313,4.5,4.1
587,3152,4,4.1
587,3671,4,4.1
587,3683,3.5,4.2
587,3783,4,4.1
587,3816,4,4.2
587,4034,4,4.1
587,4216,4,4.1
587,4280,3.5,4.1
587,4424,4.5,4.1
587,4705,5,3.9
587,5222,4,4.2
587,5945,3.5,4.1
587,6008,4,4.1
587,6016,4.5,4.1
587,6244,3.5,4
587,6296,4,4
587,7042,4,3.9
587,8582,4,4.2
587,8983,4,4.1
587,26472,5,4
587,68838,4.5,4.1
589,145,3,3.4
589,173,3,3.3
589,204,3,3.5
589,296,3,3.7
589,380,4,3.6
589,588,4,3.6
590,196,3,3.2
590,380,4,3.4
590,442,3,3.3
590,527,4,4
590,588,3,3.5
591,1282,4,3.4
592,110,4,4
592,223,5,4
592,1240,4,4.2
592,1282,1,3.8
592,2028,4,4
592,2987,4,3.9
592,3578,5,3.9
593,497,5,4.1
593,500,4,3.7
594,1387,5,4.3
594,2628,4,3.3
595,1,5,4.1
595,13,5,4
595,262,5,4.2
595,357,4,4.2
595,556,5,4.1
595,904,5,4.2
595,1648,1,4
595,1713,1,4
595,3545,5,4
596,145,4.5,3.5
596,165,3.5,3.7
596,364,3,3.8
596,377,4,3.5
596,508,3.5,3.7
596,553,3.5,3.8
596,1080,4,3.9
596,1608,2.5,3.5
596,2803,4,3.5
596,2805,3,3.4
596,3686,4,3.5
596,4033,3.5,3.8
596,4343,2,3.4
596,4351,4.5,3.6
596,4967,3.5,3.8
596,5010,4,3.8
596,6709,4,3.5
596,6868,4,3.9
596,7022,4,3.8
596,7143,3.5,3.6
596,30749,4.5,3.9
597,11,4,3.8
597,356,4,4.1
597,898,4,4.2
597,912,4,4.3
597,931,4,3.8
597,1210,3,4.2
597,1674,5,4.2
597,2094,4,3.7
597,2108,5,4.1
597,2206,4,4.4
597,2762,4,4.3
597,2987,5,4.2
597,5060,5,4.1
598,50,5,4
598,69,4,3.8
598,161,4,3.7
598,260,5,3.8
598,440,4,3.1
598,1213,4,4
598,2064,4,4
598,2713,2,2.9
598,2747,4,3.3
598,2772,3,3.6
598,2795,4,3.7
598,2861,3,3.3
598,4310,2,3
598,5481,4,3.2
598,6296,4.5,3.4
599,356,4,4.1
599,2455,3.5,4.1
599,33669,4,3.9
599,74789,4,4
599,81591,4,4.2
600,112552,4,4.1
601,3755,3.5,3
602,208,3,2.9
602,382,2,3.3
602,501,3,3.9
602,531,4,3.7
603,300,3,3.9
603,589,5,4.1
603,1027,5,3.5
603,1029,4,4
603,1198,4,4.3
604,2717,1.5,2.9
604,4623,1.5,3.3
605,165,3,3
605,170,3,3
605,724,2,2.8
605,911,5,3.2
605,965,3,3.5
605,1097,3,3.3
605,1177,3,3
605,1343,3,3.2
605,1380,4,3.1
605,1389,1,2.7
605,1883,1,3
605,1935,3,3.5
605,1937,4,3.3
605,2017,3,3.1
605,2413,3,2.8
605,2871,3,3.2
605,2886,3,3.4
605,2989,3,3
605,2990,3,3
605,2997,4,3
605,3074,3,3.1
605,3102,3,3.2
605,3334,4,3.4
605,3753,1,2.8
605,3861,3,2.8
606,296,5,4.3
606,1562,3.5,3.8
606,1729,5,4.4
606,2858,4.5,4.3
606,7438,5,4.4
607,62,3.5,3.7
607,150,4,3.8
607,431,4,3.8
607,996,4.5,3.6
607,1197,4.5,4
607,1215,4,3.8
607,1722,4,3.6
607,1747,3.5,3.5
607,3114,4,3.9
607,3623,3.5,3.4
607,4306,4.5,3.9
607,4489,3,3.8
607,8644,4,3.5
607,31696,3.5,3.7
608,95,3,3.6
608,348,5,4
608,800,4,4.1
608,951,5,4.2
608,1036,4,4.1
608,1228,5,4.2
608,1232,5,4.2
608,1594,4,3.7
608,1912,4,4
608,1997,4,4.2
608,2387,3,3.8
608,2673,5,4.4
608,2700,4,4.1
608,3272,3,4
608,3307,5,4.2
608,3328,4,4
609,390,5,2.3
609,443,1,1.5
609,858,5,1.5
609,3019,5,1.9
609,3973,5,2.2
609,4166,1,2.4
609,4278,1,1.9
609,4352,5,2.9
610,1894,3,3.4
610,4306,2.5,3.5
610,5015,3.5,3.7
610,5954,2.5,3.5
610,44555,4,3.7
611,4369,4,3.3
611,97304,4,3.5
612,349,3,3.4
612,2918,4,3.6
612,4022,3.5,3.5
612,62434,2.5,3.4
613,1093,2.5,3.9
613,1663,2.5,3.5
614,260,4,4.2
614,1203,4,4.2
614,1370,1,3.9
614,2879,4,3.9
614,3623,4,2.7
615,1201,4,3.9
615,1265,3.5,3.8
615,1517,4,3.6
615,2329,4,3.7
615,2890,4,3.8
615,7254,3.5,3.5
615,8910,3.5,3.7
615,33004,4,3.5
615,34162,3,3.5
615,54256,3,4
615,60937,2.5,3.1
615,66934,4,3.7
615,68237,5,3.9
615,68954,4.5,3.8
615,70286,4,3.9
615,71535,4.5,3.7
615,105213,2.5,3.7
615,106072,3,3.6
615,109848,3,3.7
615,112852,4.5,3.7
615,152081,5,3.7
616,608,4,3.7
617,1617,3,3.2
617,1883,3,3.2
617,2428,3,2.8
617,2694,3,3.5
618,1208,5,4.8
618,3101,3,4.5
619,293,4,4
619,316,3,3.3
619,329,3,3
620,3825,2.5,3
620,8961,4,3.2
620,33679,4,2.9
620,71464,3,3.2
620,79091,0.5,3.3
620,87222,4,3.2
620,88267,2,3
621,1641,4,4
621,2571,5,4.1
621,4478,5,4
622,58559,5,4.8
623,595,3.5,4.3
623,1681,2.5,3.5
623,6539,4.5,4.2
624,432,3,2.7
624,519,2,2.8
624,1017,3,3.3
624,1020,4,2.8
624,1028,5,3.3
624,1200,2,3.4
624,1485,2.5,2.9
624,1680,3,3.2
624,1884,2.5,3.1
624,1955,3,3.4
624,2040,3,2.9
624,2050,3,3.2
624,2300,4,3.5
624,2420,2,3
624,2641,3,2.9
624,2642,3,2.8
624,2657,4,2.8
624,2769,2,2.9
624,2989,4.5,3.2
624,3044,4,3.1
624,3101,3,3.3
624,3156,2,2.8
624,3173,3,2.9
624,3174,3,2.8
624,3175,4,3
624,3317,4,3.4
624,3494,5,3.1
624,3507,4,3.5
624,4121,4,3.1
624,4159,2,2.9
624,4221,3,3.4
624,4234,3,3
624,4238,3,3.1
624,4291,2,3.1
624,4327,5,3.5
624,4499,4,3.1
624,4621,2,2.9
624,4623,5,3.4
624,4662,3,3.4
624,4709,3,3.5
624,4799,5,3.4
624,4848,3,3.2
624,4936,3,3.5
624,5308,4,2.8
624,6550,2,2.5
624,6957,4,3.1
624,7091,4.5,3.7
624,8622,3.5,3.3
624,8879,3.5,3.5
624,8910,3.5,3.2
624,8984,1.5,2.6
624,26386,3.5,3.3
624,30810,3,3
624,37211,3,3.3
624,38061,4.5,3.1
624,45062,2,3.1
624,45221,2,3.2
624,48385,4,3.2
624,50872,3,3.4
624,53996,2,3
624,69122,3,3
624,69306,2.5,2.8
624,69757,2.5,3.5
624,76175,1,3
624,78041,1.5,2.8
624,78116,3.5,3.7
624,82499,2.5,3.4
624,85131,1,2.8
624,86142,3,3.6
624,88785,2,2.8
624,94953,2,2.8
624,97860,2.5,3.4
624,97938,3,3.3
624,100498,1.5,2.5
624,102033,3,3.1
624,102123,4,3.2
624,108156,2,3.4
624,111617,2,3.3
624,114028,4,3.7
624,115617,4,3.2
624,129354,3,3.4
625,68954,4,4.3
626,968,4,3.8
626,1911,2,3.3
626,2396,4,3.6
626,2572,3,3.4
626,2723,1,3.3
626,3005,2,3.1
626,3752,3,3.2
626,3793,5,3.3
627,208,3,2.6
627,1370,3.5,3
627,1722,2,2.9
627,1917,0.5,2.7
627,3408,3,3
627,4027,3,3.5
627,8464,3,3.3
627,8798,4,3.7
627,55765,4,3.1
627,57368,0.5,3
628,32,3.5,3.3
628,44694,3.5,3.1
628,55069,3.5,3.2
628,73344,4.5,3.1
629,340,1,3.2
629,356,5,3.4
629,383,3,3.8
631,1387,5,4.3
631,1597,4,3
631,1686,3,3.1
632,296,5,4.4
632,8961,4,4.3
635,1193,4,3.6
636,640,4,3
637,276,3,4.2
637,3107,4.5,4
638,327,4,2.6
638,1019,4.5,2.5
639,46,3,3.2
639,427,3,3.1
639,440,4,3.6
640,494,4,3.4
640,631,5,3.8
641,196,3,3.7
641,252,4,3.7
641,356,5,4
641,434,3,3.7
641,588,4,4
642,1649,5,4
644,1247,5,4.5
644,2580,4,3.8
644,2987,3,4.2
645,913,3.5,3.9
645,3176,1,3.7
646,316,4,4.1
646,588,5,4.2
646,1372,4,4
646,2038,4,4.1
646,2090,5,4.2
646,2136,4,4
646,2770,5,3.9
646,3087,3,4
647,149,3,4.4
647,590,3,4.3
647,1061,4,4.2
647,1225,4,4.6
647,1348,4,4.5
647,1500,5,4.4
647,2280,4,4.1
648,318,4.5,3.8
648,1288,3,3.7
648,1721,1,3.5
648,2677,2.5,3.7
648,3052,4.5,3.8
648,4011,4,3.8
648,4034,4.5,3.7
648,27700,4,2
648,44555,2.5,3.8
648,52952,4.5,3.7
648,54272,4.5,3.7
649,344,5,3
649,531,4,3.5
649,539,3,3.2
650,45,3,3.1
650,86,5,3
651,260,5,4.4
651,1907,5,3.3
652,1573,3.5,4.3
652,1961,4,4.1
652,2671,3.5,4.2
652,3270,4,4.1
652,3408,4,4.2
652,5064,4,4.2
652,8981,4,4.1
652,31408,4,4.2
652,111759,3,4.2
653,588,5,4.4
653,3114,5,4.3
653,3173,1,3.8
654,112,4,4
654,434,4,3.8
654,440,4,4
654,502,3,3.8
654,733,4,4
654,761,3.5,3.9
654,1265,4,4.3
654,1461,3.5,3.8
654,1617,5,4.3
654,1663,4,4
654,1923,4.5,4.1
654,2082,4,3.9
654,2124,4.5,4
654,2396,4.5,4.3
654,2406,4.5,4.1
654,2571,5,4.4
654,2991,4,4.1
654,3300,2.5,4.1
654,3536,3.5,4.2
654,3686,4,4.1
654,3863,3.5,3.8
654,3967,3,4.2
654,4306,5,4.2
654,4718,4,3.9
654,5388,4,4
654,5445,4.5,4.1
654,7458,4,3.9
654,35957,4.5,4.1
655,750,5,4
655,2006,4,4
655,3017,3.5,4.4
655,4306,4.5,4.2
655,59387,4,4
655,116397,4,4
656,926,5,4.7
656,932,5,4.6
656,2763,5,4.4
656,3988,5,4.2
657,153,2,3.2
657,161,4,3.8
658,594,5,4.7
658,595,3,4.6
658,800,3,4.5
658,1633,3,4.2
658,2302,5,4.5
659,45,3,3.5
659,89,2,2.9
659,110,3,3.5
659,230,4,3.5
659,235,5,3.6
659,257,3,3
659,281,4,3.6
659,588,3,3.5
659,1073,4,3.7
659,1089,3,3.7
660,593,0.5,4.2
660,79091,4.5,4.2
660,103335,4.5,4.1
661,1020,2.5,4.5
661,1103,4.5,4.2
661,2352,3,4.2
661,7153,5,4.2
662,219,5,3.5
662,316,2,3.3
663,122900,3.5,3.8
663,135861,4,3.9
664,180,3,3.8
664,292,3.5,3.7
664,431,4,3.9
664,1320,4,3.9
664,1370,4,3.7
664,3082,2.5,3.7
664,3969,3.5,3.7
664,4344,3.5,3.6
664,5903,4,3.9
664,6213,3.5,3.6
664,6755,3,3.9
664,7143,3,3.8
664,8529,4,3.7
664,33085,3,3.9
664,44195,4.5,3.9
664,51709,4,4
664,59315,4,3.9
664,77561,4,3.7
664,115617,4.5,3.8
665,32,4,3.3
665,520,2,3.1
665,802,3,3.1
665,1032,4,3.3
665,1100,3,3.1
665,1206,3,3.3
665,1285,4,3.2
665,1388,3,3.1
665,1784,4,3.4
665,1835,4,3.2
665,1947,4,3.4
665,2005,4,3.3
665,2036,2,3.4
665,2137,4,3.2
665,2340,4,3.1
665,2411,4,3.1
665,2491,3,3.2
665,2720,3,3.1
665,2750,3,3.4
665,3252,3,3.5
665,3269,3,3.1
665,3563,2,3.2
665,3994,4,3.2
665,5219,3,3.1
666,587,2,3
666,597,2,2.6
667,6,4,3.9
667,590,3,3.8
667,1148,5,4
668,296,5,4
668,1213,5,4.1
669,1304,5,3.7
669,2840,4,2.9
669,3453,2,4
